date, pm25, pm10, o3, no2, so2, co
2023/12/1, 49, 24, , 26, 2, 3
2023/12/2, 65, 16, , 19, 1, 2
2023/12/3, 48, 14, , 19, 1, 2
2023/12/4, 48, 19, , 22, 1, 3
2023/12/5, 58, 20, , 24, 2, 3
2023/12/6, 59, 19, , 20, 1, 2
2023/12/7, 56, 17, , 11, , 2
2023/12/8, 53, 17, , 10, , 1
2023/12/9, 52, 14, , 11, 1, 1
2023/12/10, 45, 15, , 12, 2, 1
2023/12/11, 35, 19, , 14, , 1
2023/12/12, 27, , , 13, , 1
2023/11/3, 37, 17, , 13, , 1
2023/11/4, 34, 18, , 7, , 1
2023/11/5, 38, 12, , 14, , 2
2023/11/6, 28, 11, , 17, 4, 2
2023/11/7, 26, 21, , 20, , 2
2023/11/8, 30, 29, , 18, 1, 4
2023/11/9, 43, 28, , 20, 2, 2
2023/11/10, 38, 22, , 20, 11, 2
2023/11/11, 41, , , 5, , 1
2023/11/13, 25, 7, , 17, 1, 2
2023/11/14, 19, 30, , 22, 1, 3
2023/11/15, 53, 18, , 15, , 3
2023/11/16, 36, 8, , 9, , 1
2023/11/17, 20, 27, , 24, 1, 4
2023/11/18, 52, 32, , 25, , 6
2023/11/19, 70, 18, , 14, 2, 1
2023/11/20, 41, 12, , 16, 1, 1
2023/11/21, 31, , , 18, , 1
2023/11/24, 52, 21, , , 1, 
2023/11/25, 61, 20, , , 1, 
2023/11/26, 56, 10, , , , 
2023/11/27, 21, 14, , 23, , 1
2023/11/28, 39, 16, , 16, 1, 1
2023/11/29, 42, 12, , 14, , 1
2023/11/30, 31, 16, , 20, 1, 1
2023/10/1, 41, 17, , 21, 1, 3
2023/10/2, 27, 16, , 18, 1, 2
2023/10/3, 26, 27, , , 2, 
2023/10/4, 41, 15, , , 1, 
2023/10/5, 27, 11, , 14, 1, 2
2023/10/6, 24, 8, , 19, 1, 2
2023/10/7, 15, , , 10, , 1
2023/10/11, 30, 17, , 16, 1, 1
2023/10/12, 37, 16, , 17, , 1
2023/10/13, 25, 21, , 29, 1, 3
2023/10/14, 40, 16, , , 1, 
2023/10/15, 36, 12, , , , 
2023/10/16, 28, 9, , 17, , 1
2023/10/17, 19, 11, , 17, , 2
2023/10/18, 25, 13, , 19, , 2
2023/10/19, 37, 15, , 11, , 2
2023/10/20, 42, 16, , 8, , 4
2023/10/21, 41, 28, , 11, , 12
2023/10/22, 59, 10, , 9, , 2
2023/10/23, 27, 10, , 9, , 2
2023/10/24, 32, 13, , 6, , 2
2023/10/25, 27, 20, , 5, , 1
2023/10/26, 29, 14, , 6, , 1
2023/10/27, 31, 9, , 8, , 1
2023/10/28, 30, 10, , 10, , 2
2023/10/29, 31, 9, , 14, , 2
2023/10/30, 27, , , , , 
2023/7/1, 36, 18, , 13, 1, 1
2023/7/2, 40, 27, , 20, 1, 3
2023/7/3, 43, 26, , 24, 1, 
2023/7/4, 47, 37, , 27, 1, 
2023/7/5, 59, 33, , 21, 1, 
2023/7/6, 57, 30, , 24, 1, 
2023/7/7, 55, 16, , 17, 1, 
2023/7/8, 39, 17, , 10, 1, 
2023/7/9, 35, 12, , 7, 1, 
2023/7/10, 21, 9, , 7, 1, 
2023/7/11, 16, 12, , 13, 1, 
2023/7/12, 21, 16, , 23, 1, 
2023/7/13, 35, 12, , 15, 1, 
2023/7/14, 27, 13, , 12, 1, 
2023/7/15, 31, 15, , 19, 1, 
2023/7/16, 37, 21, , , 1, 
2023/7/17, 49, 35, , , 1, 
2023/7/18, 58, 4, , , 1, 
2023/7/19, 11, , , , , 
2023/7/21, 29, 18, , , , 
2023/7/22, 31, 22, , , , 
2023/7/23, 49, 20, , , 1, 4
2023/7/25, 54, 25, , , 1, 2
2023/7/26, 54, , , , 1, 2
2023/7/28, 37, 9, , , 1, 2
2023/7/29, 20, 15, , , 2, 3
2023/7/30, 34, 23, , , 2, 5
2023/7/31, 41, 39, , , 1, 3
2023/8/1, 59, 31, , , , 2
2023/8/2, 54, 29, , , , 2
2023/8/3, 52, 31, , , , 4
2023/8/4, 57, 28, , , , 5
2023/8/5, 47, 42, , 6, , 3
2023/8/6, 63, 28, , 6, , 1
2023/8/7, 36, 27, , 14, , 2
2023/8/8, 43, 17, , 17, , 2
2023/8/9, 28, 21, , 14, , 3
2023/8/10, 39, 26, , 13, , 2
2023/8/11, 62, 27, , 9, , 2
2023/8/12, 65, 20, , 8, , 1
2023/8/13, 53, 15, , 20, , 2
2023/8/14, 43, 22, , 18, , 3
2023/8/15, 59, , , 18, , 3
2023/9/8, 20, 14, , 11, , 2
2023/9/9, 30, 31, , 11, 1, 2
2023/9/10, 63, 36, , 14, 1, 5
2023/9/11, 66, 31, , 15, , 3
2023/9/12, 55, 33, , 18, , 4
2023/9/13, 56, 34, , 21, 1, 4
2023/9/14, 48, 37, , 26, 1, 4
2023/9/15, 58, 15, , 17, , 4
2023/9/16, 33, 26, , 18, 1, 5
2023/9/17, 46, 23, , 22, 1, 6
2023/9/18, 46, 38, , 17, 1, 4
2023/9/19, 59, 44, , 31, 3, 2
2023/9/20, 60, 35, , 24, 1, 3
2023/9/21, 56, 48, , 24, 1, 6
2023/9/22, 65, 44, , 26, 1, 3
2023/9/23, 55, 44, , 24, 1, 2
2023/9/24, 56, 17, , 20, 1, 2
2023/9/25, 34, , , 21, , 5
2023/9/27, 56, 34, , 29, 1, 5
2023/9/28, 57, 35, , 37, 1, 6
2023/9/29, 52, 41, , 30, 1, 7
2023/9/30, 66, 22, , 18, 2, 2
2023/4/1, 46, 18, , 18, , 2
2023/4/2, 46, 24, , 24, 1, 3
2023/4/3, 54, 21, , 22, 1, 3
2023/4/4, 48, 22, , 15, 1, 3
2023/4/5, 48, 15, , 5, , 1
2023/4/6, 30, 15, , 8, , 1
2023/4/7, 27, 22, , 14, 2, 2
2023/4/8, 49, , , 27, , 3
2023/4/11, 76, 41, , , 1, 
2023/4/12, 86, 28, , 4, 1, 2
2023/4/13, 53, 14, , 3, , 1
2023/4/14, 21, 15, , 7, , 1
2023/4/15, 30, 26, , 12, , 1
2023/4/16, 52, 31, , 31, 3, 3
2023/4/17, 61, 32, , 32, 1, 5
2023/4/18, 62, 22, , 13, 1, 2
2023/4/19, 48, 21, , 22, 1, 3
2023/4/20, 48, 14, , 10, 1, 1
2023/4/21, 27, 16, , 15, 1, 2
2023/4/22, 35, 30, , 32, , 9
2023/4/23, 57, 37, , 33, 1, 7
2023/4/24, 66, 26, , 21, 1, 3
2023/4/25, 48, 12, , 19, , 2
2023/4/26, 22, 22, , 29, , 5
2023/4/27, 47, 18, , 23, , 3
2023/4/28, 43, 9, , 14, , 3
2023/4/29, 22, 19, , 14, , 3
2023/4/30, 41, 9, , 14, , 2
2023/5/1, 22, 12, , 23, , 2
2023/5/2, 21, 17, , 26, , 2
2023/5/3, 38, 13, , 26, , 2
2023/5/4, 24, 14, , 21, , 3
2023/5/5, 26, 11, , 13, , 1
2023/5/6, 21, 11, , 16, , 2
2023/5/7, 25, 12, , 19, , 3
2023/5/8, 24, 22, , , , 
2023/5/9, 49, 22, , 20, , 4
2023/5/10, 45, 24, , 29, 1, 5
2023/5/11, 48, 19, , 30, , 4
2023/5/12, 41, 22, , 23, , 5
2023/5/13, 45, 12, , 6, 1, 1
2023/5/14, 26, 14, , 14, 1, 3
2023/5/15, 29, 22, , 19, , 3
2023/5/16, 39, 26, , 24, 1, 4
2023/5/17, 45, 32, , 25, 1, 4
2023/5/18, 56, 11, , 10, , 2
2023/5/19, 26, 11, , 9, , 1
2023/5/20, 23, 10, , 11, , 2
2023/5/21, 26, , , 23, , 4
2023/5/23, 49, 20, , 16, 1, 3
2023/5/24, 48, 28, , 24, , 
2023/5/25, 68, 22, , 22, , 
2023/5/26, 48, 16, , 18, , 
2023/5/27, 37, 11, , 12, , 
2023/5/28, 26, 12, , 21, , 
2023/5/29, 26, 26, , 29, , 
2023/5/30, 51, 14, , 20, , 
2023/5/31, 30, 16, , 17, , 
2023/6/1, 34, 20, , 23, , 
2023/6/2, 44, 10, , 18, , 
2023/6/3, 26, 11, , 15, , 
2023/6/4, 21, 15, , 23, , 
2023/6/5, 35, 12, , 18, , 
2023/6/6, 25, 17, , 22, , 
2023/6/7, 40, 18, , 19, , 
2023/6/8, 42, 18, , 22, , 
2023/6/9, 44, 10, , 4, , 
2023/6/10, 21, 11, , 3, , 
2023/6/11, 24, 13, , 3, , 1
2023/6/12, 25, 15, , 8, , 1
2023/6/13, 34, 17, , 12, , 1
2023/6/14, 39, 17, , 15, 1, 2
2023/6/15, 41, 20, , 19, 1, 3
2023/6/16, 53, 19, , 12, 1, 2
2023/6/17, 50, 15, , 5, , 1
2023/6/18, 35, 12, , 6, , 
2023/6/19, 25, 13, , 17, , 2
2023/6/20, 31, 11, , 12, , 2
2023/6/21, 30, 25, , 19, 1, 2
2023/6/22, 53, 15, , 15, , 1
2023/6/23, 37, 11, , 13, , 2
2023/6/24, 31, 15, , 14, , 3
2023/6/25, 41, 24, , 17, 1, 3
2023/6/26, 51, 20, , 11, 1, 1
2023/6/27, 36, 20, , 7, , 1
2023/6/28, 37, 14, , 10, 1, 1
2023/6/29, 32, 18, , 14, 1, 2
2023/6/30, 42, 16, , 18, 1, 2
2023/1/2, 9, 5, , 24, , 1
2023/1/3, 14, 8, , 14, , 1
2023/1/4, 22, 8, , 15, , 1
2023/1/5, 22, 13, , 18, 2, 1
2023/1/6, 44, 14, , 30, 1, 2
2023/1/7, 48, 15, , 47, 1, 4
2023/1/8, 46, 16, , 21, 1, 1
2023/1/9, 50, 11, , 17, 1, 1
2023/1/10, 32, 10, , 18, 1, 1
2023/1/11, 25, 12, , 18, , 1
2023/1/12, 28, 11, , 21, , 1
2023/1/13, 32, 16, , 18, , 1
2023/1/14, 39, , , 18, , 1
2023/1/20, 60, 14, , 13, 2, 1
2023/1/21, 33, 18, , 22, 1, 2
2023/1/22, 50, 17, , 23, , 2
2023/1/23, 49, 12, , 29, 1, 2
2023/1/24, 35, 15, , 22, , 1
2023/1/25, 33, 10, , 20, , 1
2023/1/26, 29, 10, , 23, , 1
2023/1/27, 28, 12, , 20, , 1
2023/1/28, 34, 11, , 29, , 2
2023/1/29, 29, 9, , 17, , 1
2023/1/30, 24, 12, , 20, , 1
2023/1/31, 36, 15, , 21, , 2
2023/2/1, 49, 15, , 19, , 1
2023/2/2, 48, 17, , 20, 1, 2
2023/2/3, 54, 14, , 21, , 3
2023/2/4, 42, 10, , 16, , 2
2023/2/5, 30, 12, , 22, , 2
2023/2/6, 38, 16, , 28, , 2
2023/2/7, 49, 10, , 25, , 1
2023/2/8, 29, 11, , 27, , 2
2023/2/9, 30, 13, , 17, 1, 1
2023/2/10, 35, 12, , 20, , 1
2023/2/11, 35, 9, , 15, , 1
2023/2/12, 24, 9, , 36, , 2
2023/2/13, 21, 7, , 17, , 1
2023/2/14, 17, 7, , 11, , 1
2023/2/15, 17, 9, , 14, , 1
2023/2/16, 26, 16, , 25, , 2
2023/2/17, 52, 14, , 20, , 1
2023/2/18, 40, 12, , 11, , 1
2023/2/19, 39, 19, , 16, , 2
2023/2/20, 59, 24, , 29, 1, 2
2023/2/21, 69, 22, , 20, 2, 2
2023/2/22, 67, 14, , 23, , 1
2023/2/23, 46, 16, , 28, 1, 2
2023/2/24, 49, 14, , 26, , 2
2023/2/25, 44, 9, , 11, , 1
2023/2/26, 26, 11, , 16, , 1
2023/2/27, 34, 8, , 23, , 1
2023/2/28, 21, 7, , 20, , 1
2023/3/1, 16, 8, , 20, , 1
2023/3/2, 17, 8, , 25, , 1
2023/3/3, 18, 9, , 27, , 1
2023/3/4, 22, 8, , 19, , 1
2023/3/5, 22, 9, , 31, , 2
2023/3/6, 25, 10, , 24, , 2
2023/3/7, 29, 12, , 24, , 3
2023/3/8, 36, 8, , 24, , 2
2023/3/9, 19, , , 30, , 4
2023/3/12, 21, 10, , 21, , 2
2023/3/13, 26, 12, , 31, , 2
2023/3/14, 31, 13, , 23, 1, 2
2023/3/15, 36, 16, , 28, , 4
2023/3/16, 47, 8, , 11, , 2
2023/3/17, 20, 11, , 11, 1, 1
2023/3/18, 29, 14, , 23, , 2
2023/3/19, 34, 26, , 46, 1, 6
2023/3/20, 62, 18, , 37, 1, 3
2023/3/21, 38, 10, , 23, , 2
2023/3/22, 25, 14, , 25, 2, 2
2023/3/23, 29, 15, , 27, 2, 3
2023/3/24, 40, 14, , 32, , 3
2023/3/25, 40, 12, , 25, , 5
2023/3/26, 40, 11, , 26, 1, 3
2023/3/27, 26, 9, , 19, , 4
2023/3/28, 21, 11, , 7, , 2
2023/3/29, 28, 11, , 20, , 2
2023/3/30, 27, 9, , 14, , 2
2023/3/31, 24, 16, , 22, 1, 4
2022/10/1, 50, 6, , 14, , 1
2022/10/2, 18, 10, , 7, , 1
2022/10/3, 28, 10, , 12, , 1
2022/10/4, 22, 8, , 18, , 1
2022/10/5, 19, 13, , 15, , 1
2022/10/6, 31, 12, , 16, , 
2022/10/7, 26, 16, , 23, , 2
2022/10/8, 35, 18, , 20, 1, 1
2022/10/9, 44, 10, , , , 
2022/10/10, 24, 14, , , 1, 
2022/10/11, 40, 31, , 38, 1, 9
2022/10/12, 70, 14, , 25, , 2
2022/10/13, 32, 17, , 30, , 2
2022/10/14, 40, 20, , 38, , 4
2022/10/15, 46, 21, , 32, 2, 2
2022/10/16, 49, 16, , 23, 2, 1
2022/10/17, 42, 11, , 21, , 2
2022/10/18, 30, 10, , 17, , 1
2022/10/19, 22, 9, , 12, , 
2022/10/20, 18, 12, , 25, , 2
2022/10/21, 27, 14, , 28, , 2
2022/10/22, 33, 16, , 19, , 2
2022/10/23, 42, 11, , 18, , 1
2022/10/24, 28, 18, , 39, , 4
2022/10/25, 39, 16, , 16, 1, 1
2022/10/26, 36, 17, , 14, 1, 1
2022/10/27, 45, 19, , 25, , 3
2022/10/28, 48, 8, , 21, , 1
2022/10/29, 20, 7, , 12, , 1
2022/10/30, 12, 8, , 12, , 
2022/10/31, 16, 9, , 16, , 1
2022/11/1, 18, 12, , 17, , 1
2022/11/2, 30, 10, , 6, , 1
2022/11/3, 21, 8, , , , 
2022/11/4, 20, , , , , 
2022/11/10, 58, 14, , , , 
2022/11/11, 36, 6, , 12, , 1
2022/11/12, 12, 8, , 6, , 
2022/11/13, 12, 9, , 10, , 
2022/11/14, 16, 12, , 18, , 
2022/11/15, 22, 17, , 28, , 4
2022/11/16, 44, 17, , 32, , 3
2022/11/17, 46, 10, , 11, , 1
2022/11/18, 28, 14, , 17, , 1
2022/11/19, 46, 20, , 18, , 2
2022/11/20, 56, 15, , 15, , 1
2022/11/21, 46, 10, , 10, , 1
2022/11/22, 26, 8, , 11, , 1
2022/11/23, 23, 13, , 10, , 1
2022/11/24, 41, 12, , 9, , 1
2022/11/25, 40, 12, , 11, , 
2022/11/26, 38, 13, , 11, 1, 1
2022/11/27, 44, 12, , 6, , 1
2022/11/28, 39, 13, , 12, , 1
2022/11/29, 42, 24, , 29, 1, 2
2022/11/30, 65, 34, , 44, 1, 5
2022/12/1, 89, 34, , 33, 1, 3
2022/12/2, 87, 17, , 18, , 1
2022/12/3, 53, 14, , 26, 1, 2
2022/12/4, 40, 15, , 37, , 2
2022/12/5, 44, 12, , 35, 1, 1
2022/12/6, 27, 13, , 24, 1, 1
2022/12/7, 36, 13, , 17, , 1
2022/12/8, 35, 16, , 21, , 1
2022/12/9, 49, 20, , 21, , 2
2022/12/10, 56, 8, , 13, , 1
2022/12/11, 22, 9, , 16, , 1
2022/12/12, 24, 8, , 20, , 2
2022/12/13, 21, 11, , 18, , 1
2022/12/14, 34, 11, , 25, , 1
2022/12/15, 34, 14, , 24, , 1
2022/12/16, 44, 15, , 18, , 1
2022/12/17, 49, 11, , 12, , 1
2022/12/18, 31, 11, , 29, , 1
2022/12/19, 34, 9, , 33, , 2
2022/12/20, 26, 18, , 38, , 4
2022/12/21, 51, 10, , 27, , 2
2022/12/22, 30, 13, , 23, , 2
2022/12/23, 39, 12, , 20, , 2
2022/12/24, 39, 8, , 20, , 
2022/12/25, 21, 9, , 15, , 1
2022/12/26, 26, 10, , 11, , 
2022/12/27, 26, 8, , 18, , 2
2022/12/28, 25, 7, , 32, , 2
2022/12/29, 25, 10, , 24, , 2
2022/12/30, 36, 7, , 22, 1, 2
2022/12/31, 29, 5, , 14, , 1
2023/1/1, 18, 3, , 12, , 1
2022/7/1, 20, 8, , 17, , 1
2022/7/2, 27, 9, , 16, , 1
2022/7/3, 35, 11, , 13, , 1
2022/7/4, 41, 14, , 25, , 2
2022/7/5, 52, 15, , 29, , 6
2022/7/6, 54, 14, , 22, , 
2022/7/7, 51, 4, , 13, , 
2022/7/8, 15, 12, , 22, , 
2022/7/9, 46, 10, , 11, , 
2022/7/10, 36, 9, , 5, , 1
2022/7/11, 33, 7, , 8, , 1
2022/7/12, 26, 8, , 18, , 2
2022/7/13, 31, 11, , 24, , 2
2022/7/14, 41, 5, , 16, , 1
2022/7/15, 20, 7, , 18, , 2
2022/7/16, 24, 8, , 19, , 4
2022/7/17, 29, 6, , 23, 1, 2
2022/7/18, 23, 5, , 12, , 
2022/7/19, 16, 6, , , , 1
2022/7/20, 21, 5, , , , 1
2022/7/21, 19, 6, , , , 1
2022/7/22, 22, 13, , , , 3
2022/7/23, 48, 12, , , , 5
2022/7/24, 44, 11, , , , 2
2022/7/25, 41, 10, , , 1, 1
2022/7/26, 40, 17, , , 1, 3
2022/7/27, 61, 13, , , 3, 2
2022/7/28, 46, 5, , , 1, 
2022/7/29, 16, 7, , 15, , 1
2022/7/30, 24, 9, , 17, 2, 4
2022/7/31, 32, 8, , 13, 1, 1
2022/8/1, 30, 9, , 14, 1, 3
2022/8/2, 31, 14, , 12, 1, 1
2022/8/3, 50, 14, , 19, 1, 2
2022/8/4, 54, 16, , 20, 1, 2
2022/8/5, 54, 16, , 13, 1, 1
2022/8/6, 56, 22, , 24, 4, 2
2022/8/7, 51, 10, , 14, 1, 1
2022/8/8, 30, 6, , 10, 1, 1
2022/8/9, 18, , , 9, 1, 1
2022/8/29, 51, 24, , 30, , 2
2022/8/30, 51, 10, , 18, , 1
2022/8/31, 24, 5, , 12, , 
2022/9/1, 11, 6, , 14, , 1
2022/9/2, 13, 8, , 19, , 1
2022/9/3, 18, 7, , 18, , 1
2022/9/4, 17, 7, , 17, , 1
2022/9/5, 17, 4, , 14, , 1
2022/9/6, 11, 7, , 18, , 1
2022/9/7, 18, 6, , 13, , 1
2022/9/8, 16, 7, , 17, , 3
2022/9/9, 20, 20, , 31, 1, 12
2022/9/10, 49, 28, , 21, 1, 5
2022/9/11, 63, 16, , 13, , 1
2022/9/12, 46, 13, , 10, 1, 1
2022/9/13, 32, 9, , 8, , 1
2022/9/14, 29, 11, , 16, , 3
2022/9/15, 31, 15, , 19, , 3
2022/9/16, 38, 11, , 21, , 2
2022/9/17, 27, 13, , 13, 1, 1
2022/9/18, 35, 7, , 8, , 1
2022/9/19, 15, 9, , 13, , 2
2022/9/20, 24, 16, , 15, 1, 5
2022/9/21, 42, 10, , 10, , 1
2022/9/22, 33, 10, , 12, , 1
2022/9/23, 28, 4, , 10, , 1
2022/9/24, 14, 6, , 7, , 1
2022/9/25, 22, 10, , 12, , 3
2022/9/26, 28, 13, , 11, , 5
2022/9/27, 37, 8, , 13, , 1
2022/9/28, 21, 16, , 20, , 2
2022/9/29, 43, 18, , 17, , 2
2022/9/30, 48, 17, , 18, , 3
2022/5/30, 31, 14, , , , 
2022/5/31, 41, 16, , , , 
2022/6/1, 48, 12, , , , 
2022/6/2, 37, 9, , , , 
2022/6/3, 32, 10, , , , 
2022/6/4, 25, 12, , , , 
2022/6/5, 36, 8, , , , 
2022/6/6, 24, 6, , , , 
2022/6/7, 18, 12, , , , 
2022/6/8, 36, 18, , , , 
2022/6/9, 54, 11, , , , 
2022/6/10, 39, 14, , , , 
2022/6/11, 46, 12, , , , 
2022/6/12, 42, 12, , , , 
2022/6/13, 39, 12, , 20, , 1
2022/6/14, 41, 5, , 13, , 
2022/6/15, 15, 6, , 15, , 1
2022/6/16, 19, 8, , 24, , 2
2022/6/17, 27, 7, , 18, , 2
2022/6/18, 24, 10, , 16, , 2
2022/6/19, 32, 7, , 13, , 1
2022/6/20, 23, 9, , 22, , 2
2022/6/21, 36, 7, , 7, , 1
2022/6/22, 24, 6, , 5, , 
2022/6/23, 21, 9, , 8, , 
2022/6/24, 30, 12, , 10, , 1
2022/6/25, 44, 13, , 18, , 4
2022/6/26, 44, 14, , 22, , 6
2022/6/27, 52, 10, , 11, , 1
2022/6/28, 36, 6, , 8, 1, 1
2022/6/29, 22, 7, , 18, , 2
2022/6/30, 27, 6, , 8, , 
2022/1/3, 19, 12, , 17, , 2
2022/1/4, 45, 11, , 18, 2, 2
2022/1/5, 38, 7, , 25, , 2
2022/1/6, 23, 4, , 14, , 1
2022/1/7, 12, 7, , 16, , 2
2022/1/8, 25, 8, , 17, , 1
2022/1/9, 28, 8, , 15, , 2
2022/1/10, 27, 7, , 12, , 1
2022/1/11, 25, 6, , 14, 2, 2
2022/1/12, 23, 9, , 30, 2, 3
2022/1/13, 33, 3, , 19, , 1
2022/1/14, 11, 5, , 12, , 1
2022/1/15, 14, 4, , 15, , 1
2022/1/16, 13, 8, , 19, , 2
2022/1/17, 38, 9, , 16, , 1
2022/1/18, 32, 8, , 24, , 2
2022/1/19, 26, 8, , 18, , 1
2022/1/20, 27, 13, , 18, 5, 2
2022/1/21, 48, 12, , 13, 1, 1
2022/1/22, 44, 15, , 14, 1, 2
2022/1/23, 54, 21, , 30, 1, 4
2022/1/24, 68, 11, , 30, 1, 2
2022/1/25, 41, 6, , 24, , 2
2022/1/26, 25, 4, , 25, , 1
2022/1/27, 13, 9, , 19, , 1
2022/1/28, 32, 23, , 25, 2, 5
2022/1/29, 72, 8, , 15, , 2
2022/1/30, 26, 10, , 13, , 2
2022/1/31, 36, 10, , 22, , 3
2022/2/1, 34, 7, , 20, , 1
2022/2/2, 24, 20, , 36, , 3
2022/2/3, 65, 15, , 28, , 2
2022/2/4, 49, 14, , 35, , 3
2022/2/5, 52, 13, , 30, , 2
2022/2/6, 50, 12, , 29, , 1
2022/2/7, 38, 8, , 26, , 1
2022/2/8, 29, 5, , 25, , 1
2022/2/9, 18, 5, , 27, , 1
2022/2/10, 16, 7, , 25, 1, 1
2022/2/11, 18, 5, , 18, 1, 
2022/2/12, 13, 6, , 16, 2, 1
2022/2/13, 17, 9, , 20, , 1
2022/2/14, 28, 13, , 29, , 1
2022/2/15, 46, 14, , 26, 3, 1
2022/2/16, 43, 10, , 13, , 1
2022/2/17, 38, 7, , 21, , 1
2022/2/18, 26, 5, , 18, , 1
2022/2/19, 16, 5, , 13, , 1
2022/2/20, 13, 6, , 16, , 
2022/2/21, 20, , , , , 
2022/2/23, 18, 9, , 24, , 2
2022/2/24, 22, 12, , 27, , 1
2022/2/25, 33, 12, , 29, , 1
2022/2/26, 29, 6, , 8, , 
2022/2/27, 16, 8, , 17, , 1
2022/2/28, 23, , , , , 
2021/10/1, 48, 15, , 18, , 4
2021/10/2, 45, 25, , 16, 1, 6
2021/10/3, 72, , , 15, , 5
2021/10/30, 31, 12, , 18, 1, 2
2021/10/31, 39, 23, , 27, 1, 7
2021/11/1, 63, 23, , 18, 1, 6
2021/11/2, 73, 11, , 7, , 1
2021/11/3, 40, 10, , 16, 1, 2
2021/11/4, 31, 11, , 15, 1, 2
2021/11/5, 40, 4, , 10, 1, 1
2021/11/6, 9, 4, , 12, 1, 1
2021/11/7, 11, 6, , 15, 2, 2
2021/11/8, 20, 4, , 11, , 1
2021/11/9, 14, 9, , 19, , 2
2021/11/10, 12, 7, , 19, 1, 2
2021/11/11, 23, 8, , 18, 1, 2
2021/11/12, 28, 3, , 16, , 1
2021/11/13, 10, 4, , 19, , 2
2021/11/14, 10, 3, , 13, , 1
2021/11/15, 9, 9, , 19, , 1
2021/11/16, 13, 14, , 21, , 2
2021/11/17, 24, 16, , 16, 5, 1
2021/11/18, 44, 10, , 17, 2, 2
2021/11/19, 39, 3, , 14, 1, 2
2021/11/20, 13, 4, , 17, 1, 2
2021/11/21, 11, 5, , 15, 1, 1
2021/11/22, 11, 10, , 25, , 2
2021/11/23, 20, 8, , 22, 1, 1
2021/11/24, 16, 4, , 20, 1, 2
2021/11/25, 13, 11, , 15, 2, 1
2021/11/26, 36, 9, , 14, 1, 2
2021/11/27, 30, 6, , 15, 1, 2
2021/11/28, 23, 10, , 12, , 2
2021/11/29, 34, 3, , 8, , 1
2021/11/30, 9, 3, , 17, , 1
2021/12/1, 12, 6, , 21, , 2
2021/12/2, 18, 10, , 19, 1, 4
2021/12/3, 36, 5, , 14, , 1
2021/12/4, 14, 12, , 27, , 3
2021/12/5, 44, 14, , 15, , 2
2021/12/6, 44, 7, , 14, , 3
2021/12/7, 25, 10, , 14, , 2
2021/12/8, 37, 9, , 16, 1, 2
2021/12/9, 34, 18, , 21, 4, 3
2021/12/10, 59, 12, , 15, , 2
2021/12/11, 45, 16, , 13, , 2
2021/12/12, 54, 15, , 16, , 3
2021/12/13, 53, 16, , 18, , 3
2021/12/14, 55, 13, , 22, 1, 4
2021/12/15, 42, 3, , 19, , 2
2021/12/16, 10, 5, , 21, , 2
2021/12/17, 14, 3, , 20, , 1
2021/12/18, 9, 4, , 20, , 2
2021/12/19, 13, 7, , 11, , 2
2021/12/20, 20, 6, , 17, , 1
2021/12/21, 21, 9, , 24, , 2
2021/12/22, 31, 7, , 29, , 2
2021/12/23, 23, 8, , 19, 1, 1
2021/12/24, 29, 10, , 17, 3, 2
2021/12/25, 35, 6, , 15, 3, 2
2021/12/26, 20, 9, , 20, , 2
2021/12/27, 30, 11, , 32, , 6
2021/12/28, 41, 24, , 27, 1, 5
2021/12/29, 76, 14, , 23, , 3
2021/12/30, 50, 11, , 22, 1, 2
2021/12/31, 43, 15, , 14, 1, 2
2022/1/1, 47, 4, , 12, , 1
2022/1/2, 12, 6, , 13, , 1
2021/7/1, 36, 10, , 8, , 2
2021/7/2, 25, 11, , 5, , 1
2021/7/3, 30, 15, , 5, 1, 2
2021/7/4, 39, 17, , 5, 1, 1
2021/7/5, 41, 22, , 10, 1, 1
2021/7/6, 49, 25, , 15, 1, 2
2021/7/7, 50, 32, , 30, 1, 
2021/7/8, 60, 21, , 26, , 
2021/7/9, 47, 24, , 19, , 
2021/7/10, 56, 20, , 5, , 
2021/7/11, 50, 21, , 10, 1, 
2021/7/12, 48, 33, , 25, 1, 3
2021/7/13, 61, 36, , 31, , 5
2021/7/14, 74, 40, , 26, 1, 3
2021/7/15, 87, 27, , 24, , 5
2021/7/16, 76, 16, , 22, , 3
2021/7/17, 45, 16, , 26, 1, 3
2021/7/18, 44, 12, , 23, 1, 3
2021/7/19, 31, 11, , 17, 1, 2
2021/7/20, 29, 10, , , 1, 4
2021/7/21, 25, 5, , , 1, 1
2021/7/22, 12, 9, , , 1, 1
2021/7/23, 18, 8, , 12, 1, 2
2021/7/24, 23, 17, , 19, 1, 5
2021/7/25, 42, 17, , 23, 1, 6
2021/7/26, 40, 14, , 23, 1, 4
2021/7/27, 37, 16, , 18, 1, 2
2021/7/28, 43, 11, , 17, 1, 3
2021/7/29, 36, 17, , 29, 1, 4
2021/7/30, 49, 12, , 16, 1, 2
2021/7/31, 27, 19, , 27, 1, 3
2021/8/1, 50, 20, , 18, 1, 3
2021/8/2, 54, 7, , 14, , 1
2021/8/3, 20, 10, , 23, , 2
2021/8/4, 25, 12, , 22, , 4
2021/8/5, 33, 16, , 13, , 3
2021/8/6, 49, 20, , 13, , 3
2021/8/7, 58, 18, , 23, 1, 4
2021/8/8, 49, 21, , 19, 1, 6
2021/8/9, 61, , , 16, 1, 3
2021/8/16, 51, 24, , 22, 1, 3
2021/8/17, 57, 24, , 24, 1, 3
2021/8/18, 58, 16, , 24, 1, 3
2021/8/19, 47, 10, , 17, , 2
2021/8/20, 27, 7, , 10, 1, 2
2021/8/21, 20, 7, , 17, , 3
2021/8/22, 19, 9, , 20, , 3
2021/8/23, 24, 10, , 20, , 4
2021/8/24, 26, 11, , 15, , 2
2021/8/25, 28, 12, , 8, , 2
2021/8/26, 40, , , 6, 1, 2
2021/9/15, 11, 4, , 15, , 2
2021/9/16, 14, 6, , 12, , 3
2021/9/17, 20, 11, , 9, , 3
2021/9/18, 33, 8, , 4, , 2
2021/9/19, 23, 5, , 4, , 1
2021/9/20, 21, 3, , 5, , 1
2021/9/21, 13, 4, , 8, , 2
2021/9/22, 15, 7, , 14, , 4
2021/9/23, 25, 4, , 13, , 2
2021/9/24, 12, 8, , 15, , 2
2021/9/25, 28, 2, , 12, , 2
2021/9/26, 9, 9, , 8, , 2
2021/9/27, 26, 8, , 9, , 3
2021/9/28, 25, 11, , 12, , 4
2021/9/29, 36, 6, , 10, , 2
2021/9/30, 21, 16, , 22, , 3
2021/4/1, 16, 6, , , , 2
2021/4/2, 14, 12, , , , 2
2021/4/3, 25, 25, , , , 4
2021/4/4, 30, 31, , , , 3
2021/4/5, 24, 30, , , 1, 1
2021/4/6, 39, 25, , , 1, 1
2021/4/7, 43, 9, , , 1, 1
2021/4/8, 25, 20, , , 1, 1
2021/4/9, 26, 31, , , 1, 2
2021/4/10, 39, 44, , , 3, 3
2021/4/11, 66, 40, , , 1, 3
2021/4/12, 67, 72, , , 3, 1
2021/4/13, 74, 61, , , 4, 2
2021/4/14, 88, 45, , , 3, 2
2021/4/15, 71, 24, , , 3, 1
2021/4/16, 30, 27, , 7, 3, 1
2021/4/17, 33, 21, , 7, 2, 1
2021/4/18, 25, 18, , 7, 2, 1
2021/4/19, 23, 19, , 10, 1, 1
2021/4/20, 33, 9, , 26, , 3
2021/4/21, 21, 23, , 28, 2, 2
2021/4/22, 41, 19, , 36, 1, 3
2021/4/23, 35, 2, , 27, 1, 2
2021/4/24, 9, 8, , 12, , 1
2021/4/25, 10, 15, , 20, , 2
2021/4/26, 19, 9, , 33, 1, 2
2021/4/27, 20, 11, , 25, 1, 2
2021/4/28, 16, 17, , 28, 1, 3
2021/4/29, 19, 31, , 35, 1, 3
2021/4/30, 46, 9, , 17, 1, 2
2021/5/1, 20, 21, , 24, 1, 2
2021/5/2, 38, 12, , 13, 1, 1
2021/5/3, 27, 6, , 12, , 1
2021/5/4, 7, 13, , 17, , 2
2021/5/5, 23, 25, , 26, 1, 3
2021/5/6, 38, 11, , 23, 1, 2
2021/5/7, 17, 13, , 25, 1, 2
2021/5/8, 29, 5, , 18, , 2
2021/5/9, 12, 7, , 14, 1, 1
2021/5/10, 16, 15, , 9, 1, 1
2021/5/11, 25, 30, , 24, 1, 3
2021/5/12, 58, 11, , 14, 1, 2
2021/5/13, 16, 30, , 22, 1, 3
2021/5/14, 48, 29, , 22, 1, 2
2021/5/15, 53, 26, , 25, 2, 3
2021/5/16, 53, 38, , 16, 2, 2
2021/5/17, 59, 58, , 9, 3, 1
2021/5/18, 64, 39, , 11, 1, 1
2021/5/19, 55, 23, , 16, 1, 2
2021/5/20, 47, 19, , 22, 1, 3
2021/5/21, 37, 28, , 26, , 4
2021/5/22, 48, 35, , 22, , 3
2021/5/23, 49, 22, , 19, , 1
2021/5/24, 37, 23, , 26, , 3
2021/5/25, 42, 38, , 27, , 3
2021/5/26, 55, 27, , 36, , 3
2021/5/27, 61, 48, , 36, 1, 4
2021/5/28, 70, 26, , 22, 1, 5
2021/5/29, 55, 13, , 4, , 1
2021/5/30, 29, 13, , 5, , 1
2021/5/31, 32, 19, , 12, , 2
2021/6/1, 47, 16, , 8, , 1
2021/6/2, 41, 17, , 6, , 2
2021/6/3, 35, 18, , 7, 1, 1
2021/6/4, 37, 22, , 6, , 1
2021/6/5, 45, 23, , 9, 1, 2
2021/6/6, 54, 17, , 14, 1, 2
2021/6/7, 44, 19, , 18, 1, 3
2021/6/8, 51, 14, , 7, 1, 1
2021/6/9, 43, 11, , 7, 1, 1
2021/6/10, 37, 14, , 8, 1, 1
2021/6/11, 48, 19, , 19, 1, 2
2021/6/12, 54, 23, , 27, 1, 5
2021/6/13, 53, 24, , 24, 1, 3
2021/6/14, 55, 23, , 27, 1, 4
2021/6/15, 56, 14, , 20, 1, 3
2021/6/16, 38, 19, , 18, 1, 2
2021/6/17, 40, 26, , 27, 1, 3
2021/6/18, 52, 30, , 32, 1, 4
2021/6/19, 58, 36, , 30, 2, 5
2021/6/20, 62, 31, , 35, 1, 5
2021/6/21, 51, 47, , 30, 1, 4
2021/6/22, 66, 55, , 37, , 6
2021/6/23, 76, 54, , 37, , 8
2021/6/24, 84, 46, , 29, , 4
2021/6/25, 73, 34, , 28, , 3
2021/6/26, 63, 36, , 22, , 6
2021/6/27, 67, 27, , 14, , 2
2021/6/28, 56, 11, , 13, , 1
2021/6/29, 23, 13, , 14, , 1
2021/6/30, 32, 13, , 11, , 1
2021/2/21, 75, 13, , 31, 1, 3
2021/2/22, 45, 13, , 12, 1, 1
2021/2/23, 41, 15, , 16, 1, 2
2021/2/24, 39, 14, , 26, 1, 1
2021/2/25, 37, 11, , 28, 2, 3
2021/2/26, 24, 6, , 21, 1, 1
2021/2/27, 22, 6, , 12, 1, 1
2021/2/28, 19, 10, , 13, 1, 1
2021/3/1, 32, 5, , 22, 1, 2
2021/3/2, 11, 5, , 17, 1, 1
2021/3/3, 10, 5, , 15, 1, 1
2021/3/4, 12, 9, , 18, , 
2021/3/5, 18, 12, , 22, , 1
2021/3/6, 22, 8, , 22, , 1
2021/3/7, 16, 6, , 22, , 1
2021/3/8, 19, 12, , 14, , 
2021/3/9, 44, 15, , 17, , 1
2021/3/10, 46, 17, , 21, 1, 1
2021/3/11, 39, 18, , 38, , 2
2021/3/12, 33, 12, , 24, 2, 1
2021/3/13, 39, 15, , 15, 1, 1
2021/3/14, 48, 15, , 18, 1, 2
2021/3/15, 49, 24, , 23, 1, 2
2021/3/16, 50, 56, , 24, 2, 2
2021/3/17, 52, 69, , 10, 1, 1
2021/3/18, 62, 6, , 25, , 3
2021/3/19, 19, 10, , 18, 1, 1
2021/3/20, 21, 9, , 19, 1, 1
2021/3/21, 17, 7, , 14, 1, 1
2021/3/22, 19, 7, , 18, 1, 1
2021/3/23, 19, 22, , 15, 1, 1
2021/3/24, 37, 28, , 34, 1, 5
2021/3/25, 41, 17, , 40, 1, 6
2021/3/26, 38, 15, , 35, 1, 4
2021/3/27, 39, 18, , 19, 2, 2
2021/3/28, 43, 21, , 23, 1, 3
2021/3/29, 32, 32, , 20, 1, 1
2021/3/30, 36, 10, , 26, 3, 1
2021/3/31, 35, 7, , 18, , 2
2020/7/1, 27, 18, 25, 24, , 3
2020/7/2, 44, 15, 28, 19, , 3
2020/7/3, 40, 15, 21, 20, , 2
2020/7/4, 37, 14, 20, 19, 1, 3
2020/7/5, 33, 20, , 17, 1, 5
2020/7/6, 43, , , 13, , 3
2020/7/7, 60, , , 14, 1, 3
2020/4/3, 52, 42, , 15, 2, 1
2020/4/4, 23, 17, , 10, 1, 1
2020/4/5, 26, 16, , 15, 1, 1
2020/5/29, 48, 18, , 4, , 1
2020/5/30, 30, 6, , 2, , 1
2020/5/31, 11, 8, , 3, , 1
2020/6/1, 9, 10, , 3, , 1
2020/6/29, 30, 13, 28, 6, 1, 1
2020/6/30, 21, 13, 29, 14, 1, 2
2019/10/1, 31, 16, , 12, , 2
2019/10/2, 32, 25, , 18, 4, 2
2019/10/3, 48, 34, , 17, 3, 2
2019/10/4, 36, 20, , 15, , 2
2019/10/5, 24, 17, , 14, , 3
2019/10/6, 10, 5, , 4, , 1
2019/10/7, 16, 14, , 12, 1, 2
2019/10/8, 18, 16, , 17, 1, 2
2019/10/9, 31, 12, , 14, , 3
2019/10/10, 24, 13, , 14, , 2
2019/10/11, 23, 15, , 11, 1, 1
2019/10/12, 22, 12, , 8, , 1
2019/10/13, 20, 22, , 15, 1, 2
2019/10/14, 33, 12, , 6, , 1
2019/10/15, 20, 18, , 10, 1, 2
2019/10/16, 26, 39, , 22, 3, 3
2019/10/17, 59, 20, , 14, 1, 2
2019/10/18, 28, , , , , 
2019/10/25, 32, 28, , 16, 1, 2
2019/10/26, 47, 23, , 7, , 1
2019/10/27, 44, 23, , 9, , 1
2019/10/28, 18, 16, , 14, 3, 2
2019/10/29, 27, 11, , 10, 1, 2
2019/10/30, 16, 9, , 12, 2, 1
2019/10/31, 13, 13, , 16, 2, 2
2019/11/1, 20, 15, , 18, 2, 2
2019/11/2, 24, 16, , 10, 2, 1
2019/11/3, 39, 17, , 11, 1, 2
2019/11/4, 36, 20, , 11, 3, 2
2019/11/5, 49, 11, , 14, 2, 3
2019/11/6, 29, 23, , 12, 2, 3
2019/11/7, 36, 37, , 12, 2, 3
2019/11/8, 64, 9, , 9, 2, 2
2019/11/9, 22, 14, , 7, 6, 2
2019/11/10, 42, 19, , 8, 8, 1
2019/11/11, 48, 13, , 10, 1, 1
2019/11/12, 15, 27, , 16, 3, 2
2019/11/13, 29, 33, , 16, 8, 2
2019/11/14, 46, 31, , 15, 16, 3
2019/11/15, 47, 28, , 10, 15, 2
2019/11/16, 54, 39, , 12, 9, 5
2019/11/17, 59, 39, , 16, , 5
2019/7/12, 31, 14, , 6, 1, 1
2019/7/13, 36, 20, , 8, 1, 3
2019/7/14, 50, 36, , 17, 3, 7
2019/7/15, 53, 38, , 24, 4, 6
2019/7/16, 50, 29, , 13, 2, 5
2019/7/17, 48, 21, , 13, 2, 3
2019/7/18, 46, 19, , 11, 2, 2
2019/7/19, 70, 15, , 13, 1, 2
2019/7/20, 21, 13, , 11, 1, 2
2019/7/21, 26, 14, , 7, 1, 2
2019/7/22, 57, 29, , 15, 2, 5
2019/7/23, 67, 30, , 11, 1, 5
2019/7/24, 50, 24, , 10, 1, 4
2019/7/25, 48, 25, , 10, 1, 3
2019/7/26, 42, 22, , 4, 2, 3
2019/7/27, 55, 26, , 5, 1, 3
2019/7/28, 36, 17, , 7, 1, 3
2019/7/29, 11, 11, , 2, 1, 1
2019/7/30, 16, 15, , , 1, 2
2019/7/31, 19, 13, , 6, 2, 1
2019/8/1, 16, 15, , 7, 2, 1
2019/8/2, 27, 17, , 9, 1, 2
2019/8/3, 37, 20, , 11, 1, 3
2019/8/4, 13, , , 6, 1, 2
2019/8/5, 24, 13, , 12, 1, 2
2019/8/6, 24, 17, , 10, 1, 2
2019/8/7, 45, 30, , 15, 1, 5
2019/8/15, 15, 19, , 8, 1, 2
2019/8/16, 22, 14, , 5, 1, 2
2019/8/17, 17, 11, , 2, 1, 2
2019/8/18, 31, 15, , 4, 1, 2
2019/8/19, 27, 20, , 12, 1, 4
2019/8/20, 58, 38, , 15, 2, 7
2019/8/21, 50, 31, , 11, 1, 5
2019/8/22, 37, 26, , 12, 1, 4
2019/8/23, 37, 25, , 15, 1, 3
2019/8/24, 49, 43, , 16, 2, 12
2019/8/25, 20, 13, , 6, 1, 2
2019/8/26, 38, 28, , 14, 2, 4
2019/8/27, 25, 16, , 10, 1, 2
2019/8/28, 21, 12, , 5, 1, 2
2019/8/29, 46, 32, , 20, 2, 6
2019/8/30, 52, 29, , 21, 2, 4
2019/8/31, 61, 29, , 8, 1, 3
2019/9/1, 77, 42, , 15, 2, 9
2019/9/2, 62, 40, , 13, 2, 7
2019/9/3, 55, 27, , 7, 1, 2
2019/9/4, 49, 34, , 12, 2, 3
2019/9/5, 54, 29, , 12, 1, 3
2019/9/6, 70, 43, , 17, 1, 4
2019/9/7, 38, 20, , 11, 1, 3
2019/9/8, 49, 25, , 7, 1, 3
2019/9/9, 56, 40, , 14, 1, 6
2019/9/10, 82, 47, , 13, 2, 4
2019/9/11, 74, 56, , 22, 3, 6
2019/9/12, 67, 56, , 28, 6, 5
2019/9/13, 53, 46, , 25, 6, 4
2019/9/14, 17, 18, , 7, , 2
2019/9/15, 12, 11, , 10, , 2
2019/9/16, 17, 14, , 9, 1, 1
2019/9/17, 15, 12, , 8, , 1
2019/9/18, 29, 16, , 24, , 3
2019/9/19, 20, 12, , 11, , 3
2019/9/20, 32, 18, , 16, 1, 4
2019/9/21, 18, 14, , 12, , 2
2019/9/22, 11, 7, , 5, , 2
2019/9/23, 11, 10, , 7, , 1
2019/9/24, 23, 19, , 18, , 2
2019/9/25, 31, 21, , 20, 1, 3
2019/9/26, 43, 28, , 21, 1, 5
2019/9/27, 67, 41, , 25, 3, 8
2019/9/28, 44, 25, , 15, , 3
2019/9/29, 51, 23, , 14, , 2
2019/9/30, 40, 20, , 13, , 2
2018/10/1, 22, 28, , 31, 5, 4
2018/10/2, 41, 18, , 27, 3, 3
2018/10/3, 31, 9, , 22, 3, 3
2018/10/4, 15, 14, , 21, 2, 2
2018/10/5, 15, 14, , 20, 4, 3
2018/10/6, 21, 24, , 20, 4, 2
2018/10/7, 38, 17, , 17, 4, 2
2018/10/8, 25, 31, , 28, 2, 4
2018/10/9, 34, 25, , 27, 2, 1
2018/10/10, 26, 15, , 22, 4, 2
2018/10/11, 22, 26, , 27, 3, 3
2018/10/12, 29, 25, , 30, 4, 3
2018/10/13, 33, 28, , 28, 3, 3
2018/10/14, 54, 44, , 41, 2, 5
2018/10/15, 71, 43, , 41, 3, 5
2018/10/16, 59, 49, , 39, 6, 5
2018/10/17, 82, 65, , 42, 5, 10
2018/10/18, 105, 48, , 38, 3, 3
2018/10/19, 77, 14, , 20, 2, 1
2018/10/20, 20, 17, , 15, 1, 1
2018/10/21, 24, 22, , 23, 1, 2
2018/10/22, 27, 20, , 25, 1, 2
2018/10/23, 27, 13, , 20, 1, 2
2018/10/24, 24, 10, , 17, 1, 2
2018/10/25, 15, 16, , 20, 1, 2
2018/10/26, 17, 13, , 13, 2, 1
2018/10/27, 16, 13, , 12, , 1
2018/10/28, 20, 9, , 3, 1, 
2018/10/29, 14, 11, , 3, 3, 
2018/10/30, 12, 16, , 9, 2, 1
2018/10/31, 16, 17, , 12, 2, 2
2018/11/1, 28, , , , , 
2018/11/8, 61, 11, , 8, 1, 2
2018/11/9, 48, , , 5, 1, 1
2018/11/10, 42, , , 2, 1, 1
2018/11/11, 35, 43, , 15, 3, 1
2018/11/12, 52, 32, , 17, 3, 2
2018/11/13, 50, 33, , 15, 5, 2
2018/11/14, 56, 45, , 17, 4, 3
2018/11/15, 76, 105, , 42, 7, 14
2018/11/16, 132, 46, , 22, 3, 4
2018/11/17, 63, 10, , 11, 2, 2
2018/11/18, 31, 12, , 8, 1, 2
2018/11/19, 19, 19, , 18, 1, 1
2018/11/20, 38, 14, , 13, 2, 2
2018/11/21, 25, 14, , 12, 1, 1
2018/11/22, 24, 11, , 11, 2, 1
2018/11/23, 17, 16, , 19, , 2
2018/11/26, 21, 17, , 24, 2, 3
2018/11/27, 31, 14, , 18, 1, 2
2018/11/28, 42, 14, , 22, 3, 3
2018/11/29, 44, 23, , 30, 3, 7
2018/11/30, 57, 29, , 20, 4, 5
2018/12/1, 79, 12, , 10, 2, 2
2018/12/2, 29, 19, , 18, 3, 2
2018/12/3, 60, 25, , 18, 5, 3
2018/12/4, 66, 20, , 15, 7, 2
2018/7/1, 39, 17, , 7, 1, 2
2018/7/2, 44, 20, , 9, 1, 2
2018/7/3, 30, 14, , 8, 1, 2
2018/7/4, 24, 15, , 8, 1, 2
2018/7/5, 21, 20, , 9, 1, 2
2018/7/6, 29, 25, , 9, 1, 3
2018/7/7, 41, 13, , 9, 1, 3
2018/7/8, 24, 16, , 9, 1, 2
2018/7/9, 28, 15, , 8, 1, 2
2018/7/10, 23, 17, , 6, 1, 2
2018/7/11, 36, 18, , 5, , 2
2018/7/12, 39, 19, , 7, , 2
2018/7/13, 40, 27, , 8, 1, 3
2018/7/14, 57, 27, , 7, 1, 3
2018/7/15, 60, 19, , 5, 1, 3
2018/7/16, 43, 21, , 5, , 2
2018/7/17, 43, 16, , 5, 1, 2
2018/7/18, 32, 18, , 4, , 3
2018/7/19, 41, 20, , 4, , 3
2018/7/20, 42, 20, , 4, , 2
2018/7/21, 40, 22, , 4, 1, 2
2018/7/22, 45, 17, , 7, 2, 2
2018/7/23, 38, 18, , 12, , 2
2018/7/24, 43, 22, , 11, 1, 2
2018/7/25, 45, 27, , 14, , 2
2018/7/26, 54, 39, , 23, 1, 3
2018/7/27, 63, 27, , 16, , 2
2018/7/28, 52, 11, , 10, , 2
2018/7/29, 19, 17, , 13, , 2
2018/7/30, 28, 18, , 14, 1, 2
2018/7/31, 36, 21, , 16, 1, 3
2018/8/1, 42, 31, , 30, , 4
2018/8/3, 32, 38, , 36, , 5
2018/8/4, 48, 29, , 40, , 5
2018/8/5, 27, 20, , 27, 1, 3
2018/8/6, 22, 18, , 28, 1, 3
2018/8/7, 19, 11, , 18, 1, 2
2018/8/8, 15, 19, , 25, 1, 3
2018/8/9, 31, 36, , 34, 1, 7
2018/8/10, 40, , , , 1, 
2018/8/11, 27, 34, , 19, 1, 2
2018/8/12, 33, 20, , 18, 2, 1
2018/8/13, 11, 21, , 24, 1, 3
2018/8/14, 20, 41, , 37, 2, 4
2018/8/15, 50, 13, , 22, , 2
2018/8/16, 23, 13, , 16, , 2
2018/8/17, 27, 24, , 20, 2, 3
2018/8/18, 39, 36, , 27, 3, 4
2018/8/19, 53, 23, , 30, , 3
2018/8/20, 27, 25, , 30, 1, 3
2018/8/21, 30, 10, , 17, 2, 1
2018/8/22, 10, 20, , 32, 1, 2
2018/8/23, 20, 35, , 29, 1, 4
2018/8/24, 37, 44, , 31, 4, 5
2018/8/25, 60, 48, , 38, 6, 5
2018/8/26, 68, 49, , 43, 3, 4
2018/8/27, 65, 53, , 49, 3, 6
2018/8/28, 70, 50, , 40, 6, 4
2018/8/29, 73, 46, , 40, 5, 4
2018/8/30, 52, 27, , 41, 2, 3
2018/8/31, 51, 25, , 23, 1, 4
2018/9/1, 39, 21, , 21, 3, 3
2018/9/2, 70, 28, , 22, 2, 3
2018/9/3, 46, 23, , 15, 1, 3
2018/9/4, 41, 34, , 19, 2, 2
2018/9/5, 56, 32, , 18, 2, 2
2018/9/6, 57, 38, , 30, 2, 4
2018/9/7, 70, 55, , 33, 2, 5
2018/9/8, 79, 56, , 41, 4, 7
2018/9/11, 98, 44, , 25, 2, 2
2018/9/12, 57, 18, , 20, , 2
2018/9/13, 25, 38, , 31, 3, 6
2018/9/14, 46, 44, , 29, 3, 5
2018/9/15, 76, 28, , 33, , 4
2018/9/16, 48, 15, , 23, , 2
2018/9/17, 15, 15, , 23, , 2
2018/9/18, 14, 27, , 29, 1, 3
2018/9/19, 27, 36, , 31, 1, 4
2018/9/20, 50, 45, , 39, 1, 8
2018/9/21, 52, 46, , 31, 3, 4
2018/9/22, 52, 20, , 24, 5, 2
2018/9/23, 31, 18, , 23, 3, 3
2018/9/24, 19, 7, , 18, 2, 2
2018/9/25, 14, 13, , 19, 2, 2
2018/9/26, 9, 9, , 18, 1, 2
2018/9/27, 13, 12, , 18, 1, 2
2018/9/28, 12, 12, , 18, 3, 2
2018/9/29, 13, 20, , 22, 2, 3
2018/9/30, 19, 20, , 24, 3, 2
2018/6/2, 33, 33, , 15, 2, 3
2018/6/3, 49, 31, , 18, 1, 3
2018/6/4, 26, 13, , 13, 1, 2
2018/6/5, 17, 14, , 11, 1, 2
2018/6/6, 15, 16, , 13, 1, 1
2018/6/7, 20, 24, , 17, , 2
2018/6/8, 23, 13, , 14, , 1
2018/6/9, 14, 27, , 19, 1, 4
2018/6/10, 42, 39, , 19, 1, 5
2018/6/11, 46, 24, , 17, , 3
2018/6/12, 37, 15, , 9, 2, 2
2018/6/13, 34, 14, , 6, 2, 1
2018/6/14, 27, 16, , 8, 1, 1
2018/6/15, 35, 20, , 8, 3, 1
2018/6/16, 55, 28, , 11, 1, 6
2018/6/17, 65, 37, , 18, 3, 2
2018/6/18, 76, 40, , 25, 1, 5
2018/6/19, 60, 23, , 11, , 1
2018/6/20, 29, 28, , 13, 1, 2
2018/6/21, 37, 42, , 17, 2, 4
2018/6/22, 54, 23, , 9, 1, 2
2018/6/23, 38, 33, , 9, 3, 2
2018/6/24, 44, 13, , 10, 1, 3
2018/6/25, 36, 20, , 11, 2, 2
2018/6/26, 36, 22, , 8, 1, 2
2018/6/27, 42, 18, , 8, 1, 2
2018/6/28, 44, 34, , 11, 3, 3
2018/6/29, 55, 45, , 13, 2, 3
2018/6/30, 66, 19, , 10, , 2
2017/7/1, 37, 15, , 10, , 3
2017/7/2, 35, 20, , 7, , 3
2017/7/3, 40, 27, , 9, , 4
2017/7/4, 47, 21, , 8, , 4
2017/7/5, 38, 13, , 7, , 1
2017/7/6, 23, 12, , 7, , 1
2017/7/7, 19, 6, , 4, , 1
2017/7/8, 16, 10, , 6, , 1
2017/7/9, 19, 18, , 8, , 2
2017/7/10, 30, 40, , 10, , 5
2017/7/11, 58, 29, , 7, , 2
2017/7/12, 45, 26, , 7, , 2
2017/7/13, 50, 23, , 7, , 2
2017/7/14, 51, 30, , 7, , 3
2017/7/15, 52, 25, , 7, , 2
2017/7/16, 44, 20, , 8, , 3
2017/7/17, 32, 27, , 9, , 3
2017/7/18, 43, 21, , 10, , 2
2017/7/19, 35, 29, , 10, , 4
2017/7/20, 47, 27, , 12, , 4
2017/7/21, 51, 28, , 10, , 5
2017/7/22, 51, 19, , 9, , 3
2017/7/23, 35, 22, , 9, , 3
2017/7/24, 35, 38, , 12, , 5
2017/7/25, 62, 36, , 10, , 3
2017/7/26, 55, 31, , 10, , 2
2017/7/27, 61, 29, , 11, , 2
2017/7/28, 50, 58, , 7, , 3
2017/7/29, 75, 32, , 10, , 3
2017/7/30, 61, 14, , 7, , 2
2017/7/31, 32, 29, , 8, , 4
2017/8/1, 54, 25, , 9, , 3
2017/8/2, 43, 15, , 8, , 2
2017/8/3, 34, 30, , 12, , 3
2017/8/4, 50, 19, , 10, , 2
2017/8/5, 38, 22, , 9, , 4
2017/8/6, 38, 22, , 11, , 3
2017/8/7, 41, 17, , 10, , 2
2017/8/8, 30, 18, , 7, , 2
2017/8/9, 35, 34, , 11, , 3
2017/8/10, 55, 34, , 15, , 4
2017/8/11, 57, 50, , 12, , 4
2017/8/12, 87, 35, , 8, , 3
2017/8/13, 65, 34, , 11, , 3
2017/8/14, 58, 11, , 4, , 2
2017/8/15, 26, 19, , 6, , 2
2017/8/16, 33, 24, , 6, , 2
2017/8/17, 45, 34, , 8, , 3
2017/8/18, 55, 51, , 11, , 5
2017/8/19, 73, 54, , 11, , 5
2017/8/20, 84, 52, , 9, , 3
2017/8/21, 71, 45, , 7, , 2
2017/8/22, 58, 35, , 6, , 2
2017/8/23, 54, 9, , 6, , 2
2017/8/24, 21, 11, , 7, , 2
2017/8/25, 22, 18, , 7, , 2
2017/8/26, 36, 11, , 6, , 2
2017/8/27, 24, 10, , 3, , 2
2017/8/28, 24, 9, , , , 1
2017/8/29, 23, 16, , , , 4
2017/8/30, 33, 47, , 9, , 7
2017/8/31, 61, 47, , 7, , 8
2017/9/1, 73, 30, , 7, , 3
2017/9/2, 53, 18, , 4, , 1
2017/9/3, 41, 16, , 3, , 1
2017/9/4, 25, 8, , 2, , 2
2017/9/5, 21, 6, , 1, , 
2017/9/6, 19, 20, , 5, , 4
2017/9/7, 47, 14, , 5, , 3
2017/9/8, 28, 22, , 8, , 4
2017/9/9, 40, 34, , 8, , 5
2017/9/10, 61, 35, , 12, , 3
2017/9/11, 76, 45, , 13, , 4
2017/9/12, 79, 39, , 8, , 3
2017/9/13, 64, , , , , 
2017/4/1, 43, 24, , 12, , 3
2017/4/2, 46, 25, , 12, , 6
2017/4/3, 52, 21, , 11, , 2
2017/4/4, 35, 40, , 15, , 3
2017/4/5, 42, 56, , 15, , 2
2017/4/6, 78, 50, , 17, , 3
2017/4/7, 85, 36, , 16, , 4
2017/4/8, 61, 25, , 12, , 3
2017/4/9, 24, 54, , 17, , 3
2017/4/10, 46, 49, , 13, , 2
2017/4/11, 56, 13, , 11, , 2
2017/4/12, 20, 21, , 14, , 2
2017/4/13, 38, 17, , 12, , 2
2017/4/14, 27, 23, , 11, , 2
2017/4/15, 31, 23, , 11, , 2
2017/4/16, 48, 18, , 10, , 2
2017/4/17, 32, 23, , 13, , 2
2017/4/18, 30, 22, , 8, , 1
2017/4/19, 27, 20, , 9, , 2
2017/4/20, 23, 50, , 15, , 2
2017/4/21, 46, 26, , 12, , 2
2017/4/22, 42, 15, , 9, , 2
2017/4/23, 20, 28, , 16, , 2
2017/4/24, 31, 34, , 17, , 3
2017/4/25, 38, 53, , 15, , 2
2017/4/26, 58, 18, , 14, , 2
2017/4/27, 37, 7, , 9, , 2
2017/4/28, 20, 38, , 9, , 2
2017/4/29, 50, 67, , 11, , 2
2017/4/30, 79, 56, , 13, , 2
2017/5/1, 64, 60, , 14, , 3
2017/5/2, 72, 16, , 9, , 1
2017/5/3, 43, 14, , 8, , 2
2017/5/4, 25, 29, , 12, , 2
2017/5/5, 30, 33, , 12, , 1
2017/5/6, 33, 17, , 9, , 2
2017/5/7, 28, 10, , 6, , 2
2017/5/8, 23, 5, , 6, , 1
2017/5/9, 17, 12, , 8, , 2
2017/5/10, 25, 14, , 12, , 2
2017/5/11, 31, 15, , 10, , 2
2017/5/12, 32, 31, , 13, , 4
2017/5/13, 44, 21, , 9, , 3
2017/5/14, 43, 26, , 11, , 2
2017/5/15, 39, 22, , 13, , 2
2017/5/16, 36, 8, , 7, , 1
2017/5/17, 23, 19, , 10, , 1
2017/5/18, 37, 37, , 11, , 3
2017/5/19, 54, 60, , 17, , 7
2017/5/20, 73, 17, , 10, , 2
2017/5/21, 34, 14, , 8, , 1
2017/5/22, 25, 40, , 15, , 3
2017/5/23, 50, 52, , 15, , 5
2017/5/24, 62, 39, , 15, , 3
2017/5/25, 45, 26, , 14, , 2
2017/5/26, 31, 17, , 10, , 1
2017/5/27, 27, 20, , 8, , 2
2017/5/28, 36, 34, , 12, , 2
2017/5/29, 36, 20, , 13, , 2
2017/5/30, 37, 30, , 12, , 2
2017/5/31, 39, 14, , 12, , 3
2017/6/1, 26, 13, , 10, , 1
2017/6/2, 17, 12, , 9, , 1
2017/6/3, 20, 15, , 9, , 1
2017/6/4, 23, 23, , 12, , 2
2017/6/5, 37, 14, , 13, , 2
2017/6/6, 28, 28, , 13, , 3
2017/6/7, 41, 37, , 14, , 4
2017/6/8, 52, 26, , 11, , 2
2017/6/9, 32, 39, , 16, , 4
2017/6/10, 48, 29, , 17, , 3
2017/6/11, 43, 31, , 13, , 3
2017/6/12, 40, 17, , 14, , 2
2017/6/13, 35, 13, , 11, , 1
2017/6/14, 21, 8, , 8, , 2
2017/6/15, 19, 15, , 12, , 2
2017/6/16, 27, 16, , 11, , 3
2017/6/17, 32, 27, , 13, , 3
2017/6/18, 42, 26, , 15, , 4
2017/6/19, 45, 21, , 13, , 2
2017/6/20, 28, 20, , 9, , 1
2017/6/21, 33, 16, , 11, , 2
2017/6/22, 32, 20, , 13, , 2
2017/6/23, 28, 31, , 14, , 4
2017/6/24, 44, 39, , 13, , 4
2017/6/25, 60, 20, , 13, , 2
2017/6/26, 31, 17, , 12, , 2
2017/6/27, 26, 24, , 11, , 2
2017/6/28, 33, 44, , 12, , 4
2017/6/29, 58, 36, , 8, , 2
2017/6/30, 46, 19, , 8, , 2
2017/1/2, 17, 5, , 8, , 1
2017/1/3, 17, 13, , 7, , 1
2017/1/4, 40, 11, , 7, , 1
2017/1/5, 38, 9, , 8, , 1
2017/1/6, 31, 10, , 8, , 2
2017/1/7, 36, 11, , 11, , 2
2017/1/8, 39, 37, , 21, , 10
2017/1/9, 93, 15, , 18, , 4
2017/1/10, 39, 12, , 15, , 2
2017/1/11, 36, 12, , 11, , 2
2017/1/12, 34, 22, , 13, , 3
2017/1/13, 58, 25, , 11, , 2
2017/1/14, 67, 12, , 8, , 2
2017/1/15, 40, 22, , 12, , 4
2017/1/16, 53, 17, , 14, , 3
2017/1/17, 45, 8, , 13, , 1
2017/1/18, 25, 10, , 13, , 2
2017/1/19, 33, 8, , 13, , 1
2017/1/20, 25, 7, , 13, , 1
2017/1/21, 18, 6, , 12, , 1
2017/1/22, 17, 8, , 14, , 2
2017/1/23, 17, 8, , 12, , 1
2017/1/24, 20, 10, , 7, , 1
2017/1/25, 47, 20, , 18, , 5
2017/1/26, 48, 11, , 16, , 2
2017/1/27, 30, 11, , 11, , 1
2017/1/28, 32, 17, , 13, , 2
2017/1/29, 44, 22, , 16, , 2
2017/1/30, 54, 19, , 17, , 2
2017/1/31, 50, 13, , 15, , 2
2017/2/1, 35, 11, , 14, , 2
2017/2/2, 26, 32, , 20, , 5
2017/2/3, 62, 20, , 13, , 2
2017/2/4, 48, 10, , 8, , 1
2017/2/5, 26, 17, , 10, , 1
2017/2/6, 38, 21, , 14, , 2
2017/2/7, 49, 17, , 19, , 2
2017/2/8, 45, 11, , 17, , 2
2017/2/9, 39, 9, , 13, , 1
2017/2/10, 31, 7, , 12, , 1
2017/2/11, 25, 6, , 10, , 1
2017/2/12, 24, 10, , 14, , 2
2017/2/13, 28, 7, , 10, , 1
2017/2/14, 15, 8, , 7, , 1
2017/2/15, 22, 17, , 18, , 2
2017/2/16, 34, 22, , 19, , 2
2017/2/17, 50, 12, , 12, , 2
2017/2/18, 33, 6, , 9, , 1
2017/2/19, 17, 8, , 9, , 1
2017/2/20, 29, 9, , 10, , 2
2017/2/21, 32, 6, , 9, , 1
2017/2/22, 23, 16, , 12, , 2
2017/2/23, 45, 11, , 11, , 2
2017/2/24, 32, 8, , 7, , 1
2017/2/25, 19, 10, , 9, , 1
2017/2/26, 21, 11, , 12, , 3
2017/2/27, 33, 12, , 14, , 2
2017/2/28, 35, 25, , 13, , 2
2017/3/1, 55, 22, , 15, , 3
2017/3/2, 53, 15, , 15, , 2
2017/3/3, 40, 14, , 12, , 2
2017/3/4, 32, 22, , 15, , 3
2017/3/5, 51, 12, , 9, , 2
2017/3/6, 37, 14, , 7, , 1
2017/3/7, 46, 21, , 8, , 2
2017/3/8, 54, 26, , 15, , 3
2017/3/9, 55, 20, , 11, , 2
2017/3/10, 42, 30, , 13, , 3
2017/3/11, 59, 35, , 13, , 3
2017/3/12, 54, 58, , 17, , 6
2017/3/13, 72, 58, , 18, , 7
2017/3/14, 81, 53, , 17, , 2
2017/3/15, 69, 17, , 16, , 3
2017/3/16, 58, 23, , 13, , 3
2017/3/17, 51, 23, , 11, , 2
2017/3/18, 47, 17, , 8, , 2
2017/3/19, 55, 9, , 9, , 1
2017/3/20, 34, 17, , 13, , 4
2017/3/21, 43, 30, , 14, , 2
2017/3/22, 52, 27, , 13, , 2
2017/3/23, 29, 51, , 16, , 3
2017/3/24, 38, 26, , 12, , 2
2017/3/25, 21, 41, , 13, , 1
2017/3/26, 26, 8, , 10, , 1
2017/3/27, 18, 10, , 11, , 1
2017/3/28, 21, 13, , 12, , 2
2017/3/29, 20, 23, , 12, , 1
2017/3/30, 23, 33, , 17, , 2
2017/3/31, 43, 21, , 11, , 2
2016/10/1, 46, 36, , 13, , 5
2016/10/2, 71, 47, , 18, , 6
2016/10/3, 89, 12, , 13, , 2
2016/10/4, 27, 11, , 8, , 1
2016/10/5, 22, 16, , 8, , 2
2016/10/6, 31, 11, , 7, , 2
2016/10/7, 31, 19, , 6, , 2
2016/10/8, 49, 10, , 5, , 2
2016/10/9, 24, 10, , 6, , 1
2016/10/10, 19, 12, , 10, , 1
2016/10/11, 25, 16, , 12, , 2
2016/10/12, 35, 16, , 13, , 2
2016/10/13, 37, 11, , 12, , 2
2016/10/14, 29, 9, , 11, , 2
2016/10/15, 26, 8, , 10, , 1
2016/10/16, 22, 13, , 15, , 2
2016/10/17, 27, 11, , 13, , 2
2016/10/18, 28, 19, , 13, , 2
2016/10/19, 43, 24, , 13, , 2
2016/10/20, 51, 24, , 12, , 3
2016/10/21, 54, 28, , 10, , 2
2016/10/22, 62, 15, , 7, , 1
2016/10/23, 42, 18, , 8, , 2
2016/10/24, 37, 27, , 11, , 2
2016/10/25, 43, 24, , 10, , 2
2016/10/26, 35, 28, , 15, , 3
2016/10/27, 59, 27, , 14, , 3
2016/10/28, 57, 22, , 11, , 2
2016/10/29, 61, 9, , 7, , 2
2016/10/30, 35, 10, , 9, , 2
2016/10/31, 42, 14, , 12, , 2
2016/11/1, 53, 21, , 12, , 2
2016/11/2, 50, 18, , 10, , 2
2016/11/3, 48, 12, , 11, , 3
2016/11/4, 34, 11, , 13, , 2
2016/11/5, 38, 14, , 11, , 3
2016/11/6, 43, 6, , 7, , 1
2016/11/7, 20, 12, , 10, , 3
2016/11/8, 36, 13, , 9, , 2
2016/11/9, 41, 10, , 9, , 3
2016/11/10, 33, 6, , 9, , 3
2016/11/11, 19, 10, , 9, , 2
2016/11/12, 34, 10, , 11, , 2
2016/11/13, 29, 14, , 11, , 3
2016/11/14, 48, 13, , 9, , 3
2016/11/15, 47, 14, , 11, , 2
2016/11/16, 47, 11, , 11, , 2
2016/11/17, 37, 16, , 12, , 2
2016/11/18, 52, 20, , 10, , 3
2016/11/19, 58, 9, , 7, , 2
2016/11/20, 31, 17, , 10, , 2
2016/11/21, 34, 29, , 15, , 2
2016/11/22, 45, 29, , 14, , 2
2016/11/23, 44, 20, , 12, , 3
2016/11/24, 53, 9, , 13, , 2
2016/11/25, 22, 8, , 12, , 2
2016/11/26, 20, 8, , 12, , 2
2016/11/27, 21, 13, , 14, , 3
2016/11/28, 37, 8, , 12, , 2
2016/11/29, 37, 13, , 15, , 3
2016/11/30, 40, 14, , 14, , 2
2016/12/1, 38, 22, , 12, , 3
2016/12/2, 62, 36, , 13, , 4
2016/12/3, 83, 16, , 14, , 3
2016/12/4, 52, 7, , 11, , 2
2016/12/5, 17, 9, , 11, , 2
2016/12/6, 27, 11, , 13, , 3
2016/12/7, 29, 11, , 14, , 3
2016/12/8, 34, 24, , 14, , 4
2016/12/9, 60, 6, , 12, , 1
2016/12/10, 16, 8, , 13, , 1
2016/12/11, 22, 9, , 15, , 2
2016/12/12, 29, 18, , 17, , 4
2016/12/13, 50, 15, , 16, , 3
2016/12/14, 46, 9, , 16, , 2
2016/12/15, 31, 26, , 16, , 6
2016/12/16, 69, 16, , 14, , 3
2016/12/17, 49, 7, , 11, , 2
2016/12/18, 16, 6, , 12, , 2
2016/12/19, 19, 15, , 13, , 2
2016/12/20, 42, 9, , 13, , 2
2016/12/21, 21, 8, , 13, , 2
2016/12/22, 25, 8, , 13, , 2
2016/12/23, 30, 12, , 13, , 3
2016/12/24, 37, 15, , 12, , 2
2016/12/25, 36, 11, , 11, , 2
2016/12/26, 30, 10, , 15, , 3
2016/12/27, 23, 24, , 21, , 4
2016/12/28, 49, 10, , 11, , 2
2016/12/29, 23, 8, , 13, , 2
2016/12/30, 22, 8, , 10, , 2
2016/12/31, 24, 11, , 10, , 2
2017/1/1, 33, 7, , 10, , 1
2016/7/1, 60, 37, , 16, , 4
2016/7/2, 64, 38, , 16, , 4
2016/7/3, 71, 41, , 17, , 4
2016/7/4, 73, 13, , 8, , 1
2016/7/5, 16, 20, , 12, , 1
2016/7/6, 25, 21, , 16, , 2
2016/7/7, 45, 15, , 14, , 2
2016/7/8, 29, 17, , 14, , 2
2016/7/9, 28, 19, , 15, , 1
2016/7/10, 35, 18, , 15, , 2
2016/7/11, 35, 27, , 16, , 2
2016/7/12, 47, 28, , 17, , 3
2016/7/13, 51, 19, , 13, , 2
2016/7/14, 37, 51, , 13, , 5
2016/7/15, 83, 36, , 16, , 4
2016/7/16, 64, 14, , 7, , 1
2016/7/17, 26, 20, , 7, , 1
2016/7/18, 35, 24, , 9, , 2
2016/7/19, 48, 24, , 4, , 1
2016/7/20, 53, 19, , 8, , 2
2016/7/21, 34, 21, , 12, , 2
2016/7/22, 40, 23, , 4, , 2
2016/7/24, 151, 53, , 13, , 4
2016/7/25, 125, 51, , 18, , 6
2016/7/26, 113, 54, , 27, , 8
2016/7/27, 111, 29, , 18, , 4
2016/7/28, 63, 38, , 19, , 4
2016/7/29, 73, 42, , 18, , 4
2016/7/30, 72, 22, , 16, , 2
2016/7/31, 39, 31, , 19, , 4
2016/8/1, 52, 37, , 22, , 3
2016/8/2, 56, 21, , 23, , 2
2016/8/3, 39, 17, , 2, , 2
2016/8/4, 29, 32, , 6, , 5
2016/8/5, 56, 45, , 9, , 4
2016/8/6, 68, 45, , 6, , 3
2016/8/7, 69, 11, , 8, , 1
2016/8/8, 18, 28, , 15, , 2
2016/8/9, 41, 37, , 19, , 4
2016/8/10, 60, 32, , 9, , 2
2016/8/11, 48, 25, , 14, , 2
2016/8/12, 48, 10, , 5, , 1
2016/8/13, 24, 13, , 6, , 1
2016/8/14, 28, 6, , 8, , 2
2016/8/15, 29, 12, , 9, , 1
2016/8/16, 15, 16, , 9, , 1
2016/8/17, 29, 22, , 5, , 1
2016/8/18, 42, 31, , 8, , 4
2016/8/19, 59, 27, , 11, , 3
2016/8/20, 63, 34, , 16, , 6
2016/8/21, 71, 27, , 7, , 3
2016/8/22, 56, 35, , 9, , 3
2016/8/23, 63, 19, , 8, , 2
2016/8/24, 42, 11, , 7, , 1
2016/8/25, 23, 20, , 12, , 2
2016/8/26, 29, 27, , 14, , 3
2016/8/27, 42, 17, , 7, , 2
2016/8/28, 31, 24, , 9, , 2
2016/8/29, 30, 32, , 10, , 2
2016/8/30, 54, 11, , 8, , 1
2016/8/31, 22, 19, , 15, , 3
2016/9/1, 33, 45, , 42, , 7
2016/9/2, 60, 29, , 14, , 3
2016/9/3, 52, 26, , 23, , 4
2016/9/4, 44, 15, , 13, , 3
2016/9/5, 42, 26, , 16, , 3
2016/9/6, 37, 22, , 14, , 2
2016/9/7, 32, 11, , 7, , 1
2016/9/8, 20, 12, , 7, , 1
2016/9/9, 25, 22, , 14, , 2
2016/9/10, 36, 25, , 11, , 3
2016/9/11, 52, 30, , 12, , 3
2016/9/12, 55, 19, , 5, , 1
2016/9/13, 22, 12, , 7, , 1
2016/9/14, 22, 16, , 4, , 1
2016/9/15, 29, 12, , 4, , 2
2016/9/16, 32, 14, , , , 1
2016/9/17, 32, 10, , , , 1
2016/9/18, 20, 12, , , , 1
2016/9/19, 29, 13, , , , 3
2016/9/20, 31, 12, , , , 1
2016/9/21, 27, 8, , , , 2
2016/9/22, 23, 9, , , , 1
2016/9/23, 25, 21, , , , 3
2016/9/24, 38, 17, , , , 2
2016/9/25, 38, 14, , , , 1
2016/9/26, 27, 14, , , , 2
2016/9/27, 29, 17, , 15, , 2
2016/9/28, 29, 28, , 13, , 3
2016/9/29, 51, 21, , 15, , 2
2016/9/30, 49, 28, , 19, , 3
2016/4/1, 21, 11, , 16, , 2
2016/4/2, 25, 23, , 13, , 2
2016/4/3, 39, 35, , 8, , 2
2016/4/4, 53, 33, , 16, , 2
2016/4/5, 37, 90, , 36, , 6
2016/4/6, 75, 51, , 26, , 4
2016/4/7, 84, 51, , 30, , 4
2016/4/8, 55, 69, , 27, , 4
2016/4/9, 90, 62, , 22, , 4
2016/4/10, 102, 13, , 7, , 2
2016/4/11, 23, 22, , 12, , 2
2016/4/12, 40, 32, , 14, , 3
2016/4/13, 53, 60, , 19, , 3
2016/4/14, 82, 22, , 20, , 3
2016/4/15, 46, 9, , 12, , 2
2016/4/16, 29, 34, , 23, , 4
2016/4/17, 50, 46, , 21, , 3
2016/4/18, 55, 31, , 22, , 4
2016/4/19, 34, 30, , 21, , 3
2016/4/20, 47, 23, , 20, , 3
2016/4/21, 32, 14, , 11, , 2
2016/4/22, 25, 17, , 15, , 2
2016/4/23, 32, 28, , 17, , 3
2016/4/24, 43, 26, , 6, , 2
2016/4/25, 48, 23, , 5, , 1
2016/4/26, 35, 15, , 5, , 2
2016/4/27, 34, 23, , 5, , 2
2016/4/28, 48, 27, , 7, , 2
2016/4/29, 44, 35, , 14, , 3
2016/4/30, 63, 27, , 8, , 2
2016/5/1, 56, 33, , 17, , 4
2016/5/2, 60, 38, , 22, , 3
2016/5/3, 61, 34, , 23, , 3
2016/5/4, 51, 20, , 10, , 2
2016/5/5, 33, 20, , 8, , 2
2016/5/6, 39, 44, , 17, , 5
2016/5/7, 70, 54, , 17, , 7
2016/5/8, 90, 52, , 23, , 8
2016/5/9, 75, 40, , 27, , 5
2016/5/10, 62, 57, , 29, , 6
2016/5/11, 73, 15, , 10, , 2
2016/5/12, 23, 14, , 6, , 2
2016/5/13, 25, 25, , 7, , 2
2016/5/14, 37, 29, , 4, , 2
2016/5/15, 40, 26, , 9, , 2
2016/5/16, 53, 23, , 9, , 2
2016/5/17, 53, 21, , 7, , 2
2016/5/18, 38, 15, , 9, , 2
2016/5/19, 38, 13, , 10, , 2
2016/5/20, 29, 13, , 7, , 2
2016/5/21, 27, 10, , 10, , 2
2016/5/22, 31, 17, , 13, , 3
2016/5/23, 39, 23, , 12, , 3
2016/5/24, 47, 17, , 9, , 2
2016/5/25, 49, 41, , 21, , 4
2016/5/26, 64, 39, , 15, , 4
2016/5/27, 65, 19, , 6, , 2
2016/5/28, 45, 20, , 4, , 2
2016/5/29, 49, 18, , 5, , 2
2016/5/30, 39, 19, , 4, , 1
2016/5/31, 32, 20, , 7, , 1
2016/6/1, 36, 33, , 33, , 3
2016/6/2, 54, 36, , , , 4
2016/6/3, 56, 34, , 15, , 5
2016/6/4, 55, 11, , 6, , 2
2016/6/5, 28, 6, , 8, , 2
2016/6/6, 20, 8, , 11, , 2
2016/6/7, 26, 18, , 13, , 2
2016/6/8, 31, 20, , 17, , 2
2016/6/9, 36, 25, , 15, , 4
2016/6/10, 44, 23, , 14, , 2
2016/6/11, 45, 10, , 7, , 1
2016/6/12, 20, 13, , 9, , 2
2016/6/13, 25, 31, , 16, , 5
2016/6/14, 51, 31, , 9, , 3
2016/6/15, 56, 30, , 8, , 2
2016/6/16, 56, 33, , 19, , 3
2016/6/17, 60, 36, , 17, , 4
2016/6/18, 56, 19, , 15, , 3
2016/6/19, 45, 22, , 13, , 3
2016/6/20, 42, 37, , 14, , 2
2016/6/21, 55, 26, , 10, , 1
2016/6/22, 35, 21, , 12, , 2
2016/6/23, 38, 29, , 19, , 4
2016/6/24, 46, 33, , 17, , 4
2016/6/25, 50, 32, , 14, , 3
2016/6/26, 53, 28, , 11, , 2
2016/6/27, 50, 17, , 5, , 2
2016/6/28, 27, 25, , 9, , 2
2016/6/29, 37, 27, , 11, , 2
2016/6/30, 48, 36, , 16, , 3
2016/3/21, 26, 29, , 22, , 2
2016/3/22, 38, 25, , 14, , 2
2016/3/23, 30, 30, , 7, , 2
2016/3/24, 40, 29, , 12, , 2
2016/3/25, 37, 26, , 8, , 2
2016/3/26, 41, 22, , 11, , 2
2016/3/27, 33, 31, , 11, , 3
2016/3/28, 51, 54, , 19, , 6
2016/3/29, 71, 32, , 27, , 3
2016/3/30, 61, 24, , 19, , 3
2016/3/31, 51, 11, , 18, , 2
2023/11/2, , 24, , , 5, 
2023/11/12, , 12, , 12, 4, 2
2023/11/23, , 17, , , , 
2023/10/10, , 18, , 19, 1, 3
2023/7/20, , 17, , , , 
2023/7/24, , 24, , , 1, 3
2023/7/27, , 18, , , 2, 3
2023/9/7, , 11, , 11, , 1
2023/9/26, , 33, , 25, 1, 11
2023/4/10, , 37, , , 2, 
2023/5/22, , 20, , 18, 1, 3
2023/1/19, , 20, , , 1, 
2023/3/11, , 8, , 13, , 2
2022/11/9, , 24, , 9, , 1
2022/8/28, , 31, , 17, , 3
2022/5/29, , 13, , , , 
2022/2/22, , 6, , 18, , 1
2021/10/29, , 10, , 15, 1, 1
2021/8/15, , 21, , 26, 3, 4
2021/9/14, , 6, , 14, , 2
2021/2/20, , 25, , 45, 1, 6
2020/4/2, , 42, , 15, 2, 1
2020/4/6, , 30, , 22, 1, 2
2020/4/7, , 36, , 19, 1, 2
2020/4/8, , 27, , 23, 4, 2
2020/4/9, , 16, , 11, 1, 1
2020/4/10, , 15, , 15, , 1
2020/4/11, , 14, , 14, , 1
2020/4/12, , 45, , 20, 3, 2
2020/4/13, , 36, , 20, 2, 2
2020/4/14, , 13, , 12, , 1
2020/4/15, , 5, , 11, , 1
2020/4/16, , 8, , 10, , 1
2020/4/17, , 10, , 11, , 1
2020/4/18, , 9, , 11, , 1
2020/4/19, , 13, , 11, , 1
2020/4/20, , 14, , 8, , 1
2020/4/21, , 16, , 6, 1, 1
2020/4/22, , 15, , 9, 1, 1
2020/4/23, , 20, , 15, 1, 2
2020/4/24, , 14, , 16, 1, 2
2020/4/25, , 15, , 15, , 2
2020/4/26, , 25, , 18, , 3
2020/4/27, , 14, , 11, , 2
2020/4/28, , 19, , 11, 1, 1
2020/4/29, , 11, , 7, , 1
2020/4/30, , 14, , 7, 1, 1
2020/5/1, , 19, , 6, 1, 1
2020/5/2, , 25, , 6, 1, 2
2020/5/3, , 23, , 12, 1, 2
2020/5/4, , 23, , 9, , 2
2020/5/5, , 18, , 7, , 1
2020/5/6, , 17, , 13, , 1
2020/5/7, , 13, , 12, , 1
2020/5/8, , 11, , 4, , 1
2020/5/9, , 14, , 7, 1, 1
2020/5/10, , 19, , 11, 1, 2
2020/5/11, , 33, , 11, , 1
2020/5/12, , 13, , 7, , 1
2020/5/13, , 20, , 14, 1, 1
2020/5/14, , 14, , 11, , 1
2020/5/15, , 26, , 17, 1, 2
2020/5/16, , 19, , 10, , 2
2020/5/17, , 12, , 12, , 1
2020/5/18, , 8, , 6, , 1
2020/5/28, , 15, , 12, , 2
2020/6/2, , 10, , 6, , 2
2020/6/3, , 11, , 14, , 2
2020/6/4, , 14, , 12, , 1
2020/6/5, , 25, , 14, 1, 2
2020/6/6, , 27, , 13, , 3
2020/6/7, , 29, , 8, , 2
2020/6/8, , 31, , 11, 1, 2
2020/6/9, , 31, , 23, , 3
2020/6/10, , 39, , 20, 1, 4
2020/6/11, , 22, , 8, , 2
2020/6/12, , 9, , 2, , 2
2020/6/13, , 14, , 3, 1, 1
2020/6/14, , 21, , 5, 1, 1
2020/6/15, , 34, , 17, 1, 3
2020/6/16, , 45, , 30, 1, 5
2020/6/17, , 48, , 21, , 4
2020/6/18, , 38, , 19, , 4
2020/6/19, , 29, , 17, 1, 3
2020/6/20, , 8, , 2, , 1
2020/6/21, , 22, , 9, 1, 2
2020/6/22, , 30, , 17, 1, 3
2020/6/23, , 21, , 15, 1, 3
2020/6/24, , 28, , 14, 2, 2
2020/6/25, , 18, , 11, 1, 2
2020/6/26, , 32, , 16, , 3
2020/6/27, , 25, , 10, 1, 2
2020/6/28, , 8, , 2, , 1
2020/1/1, , 16, , 8, , 1
2020/1/2, , 9, , 11, , 1
2020/1/3, , 8, , 10, , 1
2020/1/4, , 20, , 11, , 1
2020/1/5, , 10, , 15, , 1
2020/1/6, , 15, , 15, , 1
2020/1/7, , 14, , 14, , 2
2020/1/8, , 9, , 14, , 1
2020/1/9, , 14, , 15, , 2
2020/1/10, , 15, , 22, , 2
2020/1/11, , 20, , 23, , 3
2020/1/12, , 9, , 20, , 2
2020/1/13, , 8, , 17, , 2
2020/1/14, , 14, , 20, , 2
2020/1/15, , 15, , 17, 4, 1
2020/1/16, , 20, , 15, , 2
2020/1/17, , 18, , 22, , 2
2020/1/18, , 30, , 21, 3, 2
2020/1/19, , 26, , 17, 1, 2
2020/1/20, , 13, , 17, 1, 2
2020/1/21, , 7, , 14, , 1
2020/1/22, , 9, , 14, , 1
2020/1/23, , 8, , 15, , 1
2020/1/24, , 8, , 23, 1, 2
2020/1/25, , 6, , 15, , 1
2020/1/26, , 8, , 13, , 1
2020/1/27, , 8, , 11, 1, 1
2020/1/28, , 10, , 11, 2, 1
2020/1/29, , 29, , 20, 1, 3
2020/1/30, , 13, , 8, 2, 1
2020/1/31, , 15, , 19, 1, 3
2020/2/1, , 20, , 22, 1, 3
2020/2/2, , 9, , 18, , 2
2020/2/3, , 7, , 18, 1, 1
2020/2/4, , 11, , 14, 1, 1
2020/2/5, , 11, , 17, , 2
2020/2/6, , 12, , 20, 1, 1
2020/2/7, , 9, , 14, 1, 1
2020/2/8, , 16, , 27, 1, 3
2020/2/9, , 15, , 28, 1, 5
2020/2/10, , 18, , 17, , 1
2020/2/11, , 16, , 17, , 1
2020/2/12, , 14, , 16, , 1
2020/2/13, , 16, , 21, , 2
2020/2/14, , 20, , 28, , 4
2020/2/15, , 20, , 32, , 4
2020/2/16, , 18, , 25, , 2
2020/2/17, , 15, , 13, , 1
2020/2/18, , 18, , 20, , 2
2020/2/19, , 15, , 21, , 1
2020/2/20, , 36, , 26, , 3
2020/2/21, , 58, , 37, , 6
2020/2/22, , 41, , 27, , 4
2020/2/23, , 14, , 19, , 1
2020/2/24, , 18, , 16, 1, 1
2020/2/25, , 28, , 19, 1, 1
2020/2/26, , 37, , 27, 1, 3
2020/2/27, , 15, , 19, , 3
2020/2/28, , 20, , 22, , 2
2020/2/29, , 21, , 16, , 2
2020/3/1, , 18, , 21, 1, 2
2020/3/2, , 16, , 20, 2, 2
2020/3/3, , 23, , 20, 1, 2
2020/3/4, , 27, , 15, , 2
2020/3/5, , 19, , 7, 3, 1
2020/3/6, , 31, , 12, , 1
2020/3/7, , 43, , 15, 1, 2
2020/3/8, , 40, , 19, 1, 2
2020/3/9, , 46, , 20, 1, 4
2020/3/10, , 13, , 14, 2, 2
2019/10/24, , 25, , 20, 1, 3
2019/11/19, , 16, , 3, 1, 1
2019/11/20, , 32, , 11, 2, 1
2019/11/21, , 58, , 21, 4, 4
2019/11/22, , 58, , 22, 3, 4
2019/11/23, , 53, , 20, 2, 4
2019/11/24, , 56, , 27, 5, 4
2019/11/25, , 55, , 27, 2, 3
2019/11/26, , 41, , 17, 2, 2
2019/11/27, , 50, , 14, 1, 2
2019/11/28, , 25, , 9, , 2
2019/11/29, , 13, , 14, , 2
2019/11/30, , 21, , 11, , 1
2019/12/1, , 26, , 17, , 1
2019/12/2, , 17, , 19, 1, 2
2019/12/3, , 13, , 19, , 1
2019/12/4, , 8, , 18, , 1
2019/12/5, , 16, , 15, , 2
2019/12/6, , 30, , 19, 1, 2
2019/12/7, , 19, , 15, 3, 2
2019/12/8, , 17, , 17, 1, 2
2019/12/9, , 20, , 17, 1, 3
2019/12/10, , 16, , 14, , 2
2019/12/11, , 22, , 16, , 3
2019/12/12, , 20, , 15, , 1
2019/12/13, , 14, , 10, 1, 1
2019/12/14, , 11, , 8, , 1
2019/12/15, , 12, , 19, , 2
2019/12/16, , 12, , 22, , 2
2019/12/17, , 20, , 21, , 4
2019/12/18, , 21, , 10, , 1
2019/12/19, , 35, , 20, , 3
2019/12/20, , 45, , 22, 2, 2
2019/12/21, , 31, , 12, 1, 2
2019/12/22, , 18, , 13, , 2
2019/12/23, , 17, , 12, , 2
2019/12/24, , 23, , 11, , 2
2019/12/25, , 21, , 10, , 2
2019/12/26, , 17, , 10, , 2
2019/12/27, , 13, , 10, 1, 1
2019/12/28, , 12, , 12, , 2
2019/7/1, , 30, , 15, 2, 2
2019/7/2, , 23, , 13, 3, 2
2019/7/3, , 21, , 6, 2, 1
2019/7/4, , 16, , 9, 3, 2
2019/7/5, , 14, , 9, 3, 2
2019/7/6, , 14, , 9, 3, 2
2019/7/7, , 14, , 9, 2, 1
2019/7/8, , 21, , 12, 5, 2
2019/7/9, , 18, , 15, , 3
2019/7/10, , 18, , 13, 1, 2
2019/7/11, , 11, , 10, , 2
2019/8/8, , 24, , 13, 2, 2
2019/8/9, , 11, , 7, 1, 1
2019/8/10, , 10, , 6, 1, 2
2019/8/11, , 12, , 6, 1, 2
2019/8/12, , 30, , 16, 2, 4
2019/8/13, , 38, , 16, 2, 4
2019/8/14, , 20, , 11, 1, 2
2019/4/1, , 15, , 12, 2, 1
2019/4/2, , 19, , 18, 2, 2
2019/4/3, , 34, , 9, 2, 1
2019/4/4, , 26, , 11, 5, 1
2019/4/5, , 30, , 11, 4, 1
2019/4/6, , 26, , 22, 3, 1
2019/4/7, , 47, , 15, 3, 1
2019/4/8, , 36, , 15, 2, 
2019/4/9, , 46, , 23, 3, 2
2019/4/10, , 43, , 10, 4, 1
2019/4/11, , 22, , 8, 3, 1
2019/4/12, , 14, , , 1, 
2019/4/15, , 11, , 3, 2, 
2019/4/16, , 27, , 5, 2, 1
2019/4/17, , 19, , 35, 4, 3
2019/4/18, , 67, , 12, 2, 2
2019/4/19, , 31, , 29, 3, 7
2019/4/20, , 66, , 12, 2, 1
2019/4/21, , 42, , 18, 3, 2
2019/4/22, , 46, , 16, 1, 1
2019/4/23, , 46, , 26, 1, 3
2019/4/24, , 43, , 33, , 6
2019/4/25, , 60, , 14, , 1
2019/4/26, , 44, , 28, , 4
2019/4/27, , 66, , 7, , 5
2019/4/28, , 32, , 5, , 1
2019/4/29, , 13, , 24, 5, 2
2019/4/30, , 39, , 20, 2, 3
2019/5/1, , 49, , 10, 2, 1
2019/5/2, , 20, , 8, 4, 1
2019/5/3, , 21, , 10, 1, 2
2019/5/4, , 18, , 15, 1, 3
2019/5/5, , 30, , 18, 1, 2
2019/5/6, , 36, , 21, 2, 3
2019/5/7, , 46, , 22, 3, 3
2019/5/8, , 43, , 6, 2, 1
2019/5/9, , 27, , 5, 2, 1
2019/5/10, , 33, , 6, 2, 2
2019/5/11, , 31, , 15, 3, 3
2019/5/12, , 36, , 9, 2, 3
2019/5/13, , 18, , 10, 2, 2
2019/5/14, , 18, , 11, 2, 3
2019/5/15, , 20, , 5, 2, 2
2019/5/16, , 15, , 9, 1, 2
2019/5/17, , 18, , 33, 2, 15
2019/5/18, , 85, , 8, 1, 4
2019/5/19, , 26, , 14, 2, 3
2019/5/20, , 25, , 17, 5, 3
2019/5/21, , 39, , 20, 4, 3
2019/5/22, , 35, , 22, 1, 3
2019/5/23, , 38, , 5, 1, 2
2019/5/24, , 16, , 10, 2, 2
2019/5/25, , 29, , 10, 2, 2
2019/5/26, , 21, , 9, 1, 2
2019/5/27, , 26, , 15, , 2
2019/5/28, , 31, , 24, 3, 3
2019/5/29, , 40, , 22, 5, 3
2019/5/30, , 43, , 11, 1, 2
2019/5/31, , 29, , 14, 2, 3
2019/6/1, , 23, , 11, 3, 4
2019/6/2, , 31, , 10, 2, 1
2019/6/3, , 15, , 12, 2, 2
2019/6/4, , 24, , 19, 2, 3
2019/6/5, , 36, , 28, 3, 6
2019/6/6, , 52, , 27, 6, 6
2019/6/7, , 49, , 15, 2, 3
2019/6/8, , 45, , 24, 7, 6
2019/6/9, , 52, , 12, 2, 2
2019/6/10, , 26, , 12, 2, 3
2019/6/11, , 27, , 20, 3, 4
2019/6/12, , 32, , 2, 1, 1
2019/6/13, , 15, , 16, 2, 2
2019/6/14, , 31, , 7, 1, 2
2019/6/15, , 23, , 12, 2, 4
2019/6/16, , 22, , 14, 1, 6
2019/6/17, , 31, , 13, 1, 2
2019/6/18, , 22, , 13, 1, 2
2019/6/19, , 20, , 21, 1, 6
2019/6/20, , 41, , 22, 1, 4
2019/6/21, , 42, , 20, 1, 2
2019/6/22, , 37, , 5, 1, 
2019/6/23, , 15, , 4, 1, 
2019/6/24, , 13, , , , 
2019/6/26, , 17, , 7, 1, 2
2019/6/27, , 10, , 7, , 2
2019/6/28, , 4, , 8, 1, 2
2019/6/29, , 11, , 11, 1, 2
2019/6/30, , 17, , 15, 1, 5
2019/1/1, , 22, , 8, 7, 2
2019/1/2, , 14, , 9, 6, 2
2019/1/3, , 21, , 15, 2, 2
2019/1/4, , 10, , 16, 1, 3
2019/1/5, , 15, , 14, , 2
2019/1/6, , 10, , 17, , 1
2019/1/7, , 9, , 17, , 2
2019/1/8, , 11, , 23, 1, 4
2019/1/9, , 19, , 25, 4, 4
2019/1/10, , 27, , 25, 2, 3
2019/1/11, , 17, , 18, 1, 3
2019/1/12, , 19, , 20, 1, 2
2019/1/13, , 22, , 15, 4, 2
2019/1/14, , 13, , 13, 3, 1
2019/1/15, , 15, , 26, 1, 3
2019/1/16, , 16, , 17, 1, 1
2019/1/17, , 8, , 14, , 2
2019/1/18, , 13, , 15, 1, 1
2019/1/21, , 10, , 18, 2, 3
2019/1/22, , 12, , 29, 2, 5
2019/1/23, , 23, , 29, 3, 5
2019/1/24, , 27, , 29, 4, 9
2019/1/25, , 26, , 20, 2, 3
2019/1/26, , 20, , 12, 2, 2
2019/1/27, , 10, , 13, 2, 1
2019/1/28, , 17, , 17, 1, 1
2019/1/29, , 28, , 18, 3, 2
2019/1/30, , 26, , 20, 3, 2
2019/1/31, , 25, , 13, 2, 1
2019/2/1, , 20, , 21, 3, 2
2019/2/2, , 34, , 18, 2, 3
2019/2/3, , 25, , 20, 2, 3
2019/2/4, , 20, , 16, 3, 2
2019/2/5, , 10, , 19, 3, 2
2019/2/6, , 12, , 17, 2, 2
2019/2/7, , 11, , 23, 3, 3
2019/2/8, , 17, , 16, 2, 2
2019/2/9, , 15, , 13, 2, 2
2019/2/10, , 16, , 18, 4, 3
2019/2/11, , 24, , 14, 7, 2
2019/2/12, , 26, , 17, 3, 2
2019/2/13, , 11, , 25, 2, 2
2019/2/14, , 11, , 15, 2, 1
2019/2/15, , 8, , 15, 7, 2
2019/2/16, , 9, , 9, 3, 1
2019/2/17, , 8, , 9, 2, 1
2019/2/18, , 14, , 22, 3, 2
2019/2/19, , 26, , 16, 4, 2
2019/2/20, , 22, , 13, 1, 1
2019/2/21, , 8, , 7, 1, 1
2019/2/22, , 9, , 16, 4, 2
2019/2/23, , 9, , 18, 3, 2
2019/2/24, , 10, , 15, 3, 2
2019/2/25, , 7, , 15, 3, 2
2019/2/26, , 6, , 12, 3, 1
2019/2/27, , 10, , 23, 4, 2
2019/2/28, , 14, , 12, 2, 1
2019/3/1, , 8, , 13, 3, 1
2019/3/2, , 8, , 15, 3, 1
2019/3/3, , 10, , 31, 3, 4
2019/3/4, , 21, , 22, 4, 4
2019/3/5, , 18, , 10, 3, 2
2019/3/6, , 9, , , , 
2019/3/20, , 17, , 24, 2, 
2019/3/21, , 21, , 21, 2, 
2019/3/22, , 14, , 8, 1, 3
2019/3/23, , 11, , 30, 3, 3
2019/3/24, , 26, , 21, 3, 2
2019/3/25, , 17, , 27, 3, 2
2019/3/26, , 46, , 14, 2, 1
2019/3/27, , 34, , 12, 1, 1
2019/3/28, , 22, , 28, 1, 2
2019/3/29, , 25, , 19, 3, 1
2019/3/30, , 22, , 17, 4, 1
2019/3/31, , 37, , 10, 3, 1
2018/11/7, , 20, , 9, , 3
2018/11/24, , 15, , 12, , 1
2018/11/25, , 9, , 16, 1, 1
2018/12/5, , 19, , 18, 1, 3
2018/12/6, , 6, , 10, 1, 1
2018/12/7, , 13, , 14, 4, 1
2018/12/8, , 16, , 11, 3, 2
2018/12/9, , 16, , 17, , 3
2018/12/10, , 12, , 13, , 3
2018/12/11, , 16, , 13, 1, 3
2018/12/12, , 8, , 6, 2, 
2018/12/13, , 10, , 6, 1, 1
2018/12/14, , 11, , 11, 2, 2
2018/12/15, , 21, , 17, 5, 4
2018/12/16, , 34, , 18, 3, 4
2018/12/17, , 20, , 22, 5, 4
2018/12/18, , 18, , 20, 4, 3
2018/12/19, , 13, , 17, 6, 2
2018/12/20, , 14, , 21, 5, 2
2018/12/21, , 13, , 16, 4, 
2018/12/22, , 14, , 7, 5, 
2018/12/23, , 13, , 11, 4, 
2018/12/24, , 16, , 18, 4, 
2018/12/25, , 25, , 19, 6, 9
2018/12/26, , 17, , 17, 2, 2
2018/12/27, , 16, , 24, 3, 3
2018/12/28, , 20, , 23, 3, 4
2018/12/29, , 19, , 21, 2, 4
2018/8/2, , 28, , 36, , 4
2018/9/9, , 31, , 23, 1, 4
2018/9/10, , 22, , 16, 2, 2
2018/6/1, , 28, , 8, 4, 2
2016/7/23, , 47, , 4, , 3
2016/3/20, , 39, , 19, , 2
2023/12/13, , , , 12, 1, 1
2023/12/16, , , , 17, 1, 1
2023/12/17, , , , 23, 1, 2
2023/12/18, , , , 20, 1, 2
2023/11/22, , , , 19, , 1
2023/10/8, , , , 10, , 1
2023/10/9, , , , 18, , 1
2023/8/16, , , , 15, , 4
2023/8/17, , , , 27, , 5
2023/8/18, , , , 12, , 2
2023/8/19, , , , 16, , 2
2023/8/20, , , , 7, 1, 2
2023/8/21, , , , 26, 1, 4
2023/8/22, , , , 23, , 3
2023/8/23, , , , 13, , 1
2023/8/24, , , , 14, 1, 3
2023/8/25, , , , 22, 1, 8
2023/8/26, , , , 16, , 4
2023/8/27, , , , 12, 1, 2
2023/8/28, , , , 18, 1, 2
2023/8/29, , , , 12, 1, 2
2023/8/30, , , , 12, , 2
2023/8/31, , , , 14, , 2
2023/9/1, , , , 17, , 2
2023/9/2, , , , 17, , 4
2023/9/3, , , , 21, , 6
2023/9/4, , , , 23, , 3
2023/9/5, , , , 20, , 2
2023/9/6, , , , 14, , 2
2023/4/9, , , , 44, , 7
2023/1/15, , , , 13, , 1
2023/1/16, , , , 18, , 1
2023/1/17, , , , 12, , 1
2023/1/18, , , , 6, , 2
2022/11/7, , , , 18, , 2
2022/11/8, , , , 18, , 1
2022/8/10, , , , 12, 1, 1
2022/8/11, , , , 26, 2, 3
2022/8/12, , , , 25, 2, 6
2022/8/13, , , , 21, 2, 3
2022/8/14, , , , 12, 1, 1
2022/8/15, , , , 8, , 1
2022/8/16, , , , 10, 1, 1
2022/8/17, , , , 12, 1, 1
2022/8/18, , , , 7, 1, 1
2022/8/19, , , , 5, 1, 1
2022/8/20, , , , 5, 1, 2
2022/8/21, , , , 12, 1, 5
2022/8/22, , , , 14, 1, 3
2022/8/23, , , , 29, , 5
2022/8/24, , , , 38, , 6
2022/8/25, , , , 39, , 5
2022/8/26, , , , 31, , 7
2022/8/27, , , , 18, , 5
2021/10/4, , , , 11, , 2
2021/10/5, , , , 19, , 2
2021/10/6, , , , 22, , 7
2021/10/7, , , , 35, , 12
2021/10/8, , , , 41, , 17
2021/10/9, , , , 33, , 12
2021/10/10, , , , 37, , 11
2021/10/11, , , , 29, , 4
2021/10/12, , , , 20, , 2
2021/10/13, , , , 14, , 2
2021/10/14, , , , 17, , 2
2021/10/15, , , , 17, , 2
2021/10/16, , , , 17, , 2
2021/10/17, , , , 17, , 2
2021/10/18, , , , 16, , 1
2021/10/19, , , , 15, , 1
2021/10/20, , , , 17, , 2
2021/10/21, , , , 14, , 1
2021/10/22, , , , 14, , 1
2021/10/23, , , , 13, , 1
2021/10/24, , , , 21, , 2
2021/10/25, , , , 22, , 2
2021/10/26, , , , 21, , 2
2021/10/27, , , , 16, , 1
2021/10/28, , , , 22, , 2
2021/8/10, , , , 17, , 2
2021/8/11, , , , 19, , 3
2021/8/12, , , , 19, 2, 3
2021/8/13, , , , 20, 2, 4
2021/8/14, , , , 18, 2, 5
2021/8/27, , , , 4, 1, 1
2021/8/28, , , , 8, 1, 2
2021/8/29, , , , 17, 1, 3
2021/8/30, , , , 7, 1, 2
2021/8/31, , , , 25, 1, 4
2021/9/1, , , , 14, , 2
2021/9/2, , , , 17, , 2
2021/9/3, , , , 10, , 2
2021/9/4, , , , 15, , 2
2021/9/5, , , , 18, , 2
2021/9/6, , , , 20, , 2
2021/9/7, , , , 18, , 2
2021/9/8, , , , 16, , 2
2021/9/9, , , , 17, , 3
2021/9/10, , , , 17, , 4
2021/9/11, , , , 25, , 6
2021/9/12, , , , 22, , 5
2021/9/13, , , , 11, , 2
2021/1/4, , , , 13, 1, 1
2021/1/5, , , , 13, 1, 1
2021/1/6, , , , 8, 1, 
2021/1/7, , , , 12, 1, 1
2021/1/8, , , , 10, 1, 1
2021/1/9, , , , 10, 1, 1
2021/1/10, , , , 13, 1, 1
2021/1/11, , , , 18, 1, 3
2021/1/12, , , , 15, 1, 2
2021/1/13, , , , 13, 2, 1
2021/1/14, , , , 13, 2, 1
2021/1/15, , , , 23, 2, 3
2021/1/16, , , , 18, 4, 1
2021/1/17, , , , 19, 2, 2
2021/1/18, , , , 47, 2, 10
2021/1/19, , , , 45, 6, 9
2021/1/20, , , , 30, 2, 2
2021/1/21, , , , 31, 2, 2
2021/1/22, , , , 30, , 3
2021/1/23, , , , 24, , 2
2021/1/24, , , , 17, , 2
2021/1/25, , , , 17, , 1
2021/1/26, , , , 9, , 1
2021/1/27, , , , 14, , 1
2021/1/28, , , , 18, , 1
2021/1/29, , , , 11, , 1
2021/1/30, , , , 14, , 1
2021/1/31, , , , 17, , 1
2021/2/1, , , , 18, , 2
2021/2/2, , , , 45, , 10
2021/2/3, , , , 30, 1, 4
2021/2/4, , , , 22, , 2
2021/2/5, , , , 14, , 1
2021/2/6, , , , 12, , 
2021/2/7, , , , 15, , 1
2021/2/8, , , , 26, , 2
2021/2/9, , , , 28, , 3
2021/2/10, , , , 15, , 1
2021/2/11, , , , 28, , 2
2021/2/12, , , , 16, 1, 1
2021/2/13, , , , 9, , 1
2021/2/14, , , , 12, , 1
2021/2/15, , , , 21, , 1
2021/2/16, , , , 44, , 6
2021/2/17, , , , 34, 1, 3
2021/2/18, , , , 25, 1, 2
2021/2/19, , , , 28, , 1
2020/10/1, , , , 10, 3, 1
2020/10/2, , , , 12, 2, 2
2020/10/3, , , , 12, 2, 2
2020/10/4, , , , 12, 3, 3
2020/10/5, , , , 22, 2, 3
2020/10/6, , , , 28, 2, 2
2020/10/7, , , , 23, 1, 2
2020/10/8, , , , 24, 1, 4
2020/10/9, , , , 23, 2, 4
2020/10/10, , , , 23, 1, 3
2020/10/11, , , , 16, 1, 3
2020/10/12, , , , 18, 1, 4
2020/10/13, , , , 19, 1, 3
2020/10/14, , , , 17, 1, 2
2020/10/15, , , , 17, , 1
2020/10/16, , , , 15, , 1
2020/10/17, , , , 13, , 2
2020/10/18, , , , 8, 4, 2
2020/10/19, , , , 15, , 1
2020/10/20, , , , 14, , 2
2020/10/21, , , , 17, 1, 2
2020/10/22, , , , 16, 1, 2
2020/10/23, , , , 18, 1, 2
2020/10/24, , , , 16, , 2
2020/10/25, , , , 19, 1, 2
2020/10/26, , , , 23, 1, 2
2020/10/27, , , , 20, 1, 3
2020/10/28, , , , 17, 1, 3
2020/10/29, , , , 18, 1, 3
2020/10/30, , , , 14, 2, 4
2020/10/31, , , , 14, 1, 1
2020/11/1, , , , 6, 1, 2
2020/11/2, , , , 6, 1, 2
2020/11/3, , , , 9, 2, 2
2020/11/4, , , , 14, , 2
2020/11/5, , , , 16, , 1
2020/11/6, , , , 13, , 1
2020/11/7, , , , 14, , 1
2020/11/8, , , , 12, , 1
2020/11/9, , , , 17, , 1
2020/11/10, , , , 15, , 1
2020/11/11, , , , 19, , 1
2020/11/12, , , , 25, , 1
2020/11/13, , , , 20, , 1
2020/11/14, , , , 13, , 1
2020/11/15, , , , 8, , 1
2020/11/16, , , , 9, 1, 1
2020/11/17, , , , 15, , 1
2020/11/18, , , , 14, 1, 1
2020/11/19, , , , 13, 1, 2
2020/11/20, , , , 14, 1, 2
2020/11/21, , , , 20, , 1
2020/11/22, , , , 14, , 2
2020/11/23, , , , 19, , 2
2020/11/24, , , , 24, , 2
2020/11/25, , , , 20, , 2
2020/11/26, , , , 22, 1, 2
2020/11/27, , , , 19, , 3
2020/11/28, , , , 11, , 1
2020/11/29, , , , 7, , 1
2020/11/30, , , , 7, , 2
2020/12/1, , , , 12, , 2
2020/12/2, , , , 15, 1, 1
2020/12/3, , , , 16, 1, 2
2020/12/4, , , , 16, , 2
2020/12/5, , , , 19, 1, 5
2020/12/6, , , , 28, 1, 4
2020/12/7, , , , 27, 2, 3
2020/12/8, , , , 23, 1, 3
2020/12/9, , , , 25, 2, 2
2020/12/10, , , , 22, 3, 3
2020/12/11, , , , 26, 2, 3
2020/12/12, , , , 22, 2, 1
2020/12/13, , , , 13, 1, 2
2020/12/14, , , , 15, 1, 3
2020/12/15, , , , 18, 1, 3
2020/12/16, , , , 18, 1, 1
2020/12/17, , , , 16, 1, 1
2020/12/18, , , , 12, 1, 1
2020/12/19, , , , 11, 1, 2
2020/12/20, , , , 13, 1, 2
2020/12/21, , , , 15, 1, 1
2020/12/22, , , , 17, 1, 1
2020/12/23, , , , 16, 1, 2
2020/12/24, , , , 20, 2, 1
2020/12/25, , , , 17, 1, 1
2020/12/26, , , , 17, , 1
2020/12/27, , , , 13, 1, 1
2020/12/28, , , , 21, 1, 1
2020/12/29, , , , 12, 1, 1
2020/12/30, , , , 16, 1, 1
2020/12/31, , , , 12, 1, 1
2021/1/1, , , , 8, 1, 2
2021/1/2, , , , 11, 1, 1
2021/1/3, , , , 17, , 
2020/7/8, , , , 11, 1, 1
2020/7/9, , , , 16, 1, 
2020/7/10, , , , 17, 1, 
2020/7/11, , , , 15, 1, 
2020/7/12, , , , 10, 1, 2
2020/7/13, , , , 5, 1, 1
2020/7/14, , , , 5, 1, 1
2020/7/15, , , , 10, 1, 1
2020/7/16, , , , 10, 1, 1
2020/7/17, , , , 11, 1, 2
2020/7/18, , , , 8, 1, 2
2020/7/19, , , , 18, 1, 3
2020/7/20, , , , 18, 1, 3
2020/7/21, , , , 17, 1, 2
2020/7/22, , , , 13, 1, 1
2020/7/26, , , , 28, 1, 3
2020/7/27, , , , 18, 1, 4
2020/7/28, , , , 22, 1, 2
2020/7/29, , , , 14, 1, 1
2020/7/30, , , , 16, 1, 1
2020/7/31, , , , 14, 1, 2
2020/8/1, , , , 7, 1, 1
2020/8/2, , , , 17, 1, 3
2020/8/3, , , , 17, 1, 5
2020/8/4, , , , 19, 1, 4
2020/8/5, , , , 23, 1, 5
2020/8/6, , , , 14, 1, 2
2020/8/7, , , , 15, 1, 2
2020/8/8, , , , 11, 1, 2
2020/8/9, , , , 15, 1, 3
2020/8/10, , , , 15, , 3
2020/8/11, , , , 10, , 2
2020/8/12, , , , 8, , 1
2020/8/13, , , , 9, , 1
2020/8/14, , , , 13, , 2
2020/8/15, , , , 13, , 5
2020/8/16, , , , 11, , 2
2020/8/17, , , , 10, , 2
2020/8/18, , , , 15, , 5
2020/8/19, , , , 9, , 2
2020/8/20, , , , 10, , 4
2020/8/21, , , , 15, , 3
2020/8/22, , , , 17, , 5
2020/8/23, , , , 21, , 3
2020/8/24, , , , 16, , 3
2020/8/25, , , , 17, , 2
2020/8/26, , , , 12, , 3
2020/8/27, , , , 22, 1, 3
2020/8/28, , , , 12, , 4
2020/8/29, , , , 17, , 4
2020/8/30, , , , 20, 1, 2
2020/8/31, , , , 16, , 2
2020/9/1, , , , 4, , 1
2020/9/2, , , , 4, , 1
2020/9/3, , , , 10, 1, 1
2020/9/4, , , , 16, 1, 2
2020/9/5, , , , 19, , 3
2020/9/6, , , , 27, , 5
2020/9/7, , , , 18, , 2
2020/9/8, , , , 13, , 1
2020/9/9, , , , 16, , 1
2020/9/10, , , , 10, , 1
2020/9/11, , , , 16, , 3
2020/9/12, , , , 14, 1, 2
2020/9/13, , , , 11, , 1
2020/9/14, , , , 12, , 1
2020/9/15, , , , 16, , 3
2020/9/16, , , , 17, , 2
2020/9/17, , , , 10, , 1
2020/9/18, , , , 10, , 2
2020/9/19, , , , 9, , 1
2020/9/20, , , , 14, , 1
2020/9/21, , , , 15, , 1
2020/9/22, , , , 23, , 5
2020/9/23, , , , 27, 1, 8
2020/9/24, , , , 20, 1, 4
2020/9/25, , , , 9, 2, 2
2020/9/26, , , , 5, 2, 1
2020/9/27, , , , 8, 2, 1
2020/9/28, , , , 12, 1, 1
2020/9/29, , , , 7, 2, 2
2020/9/30, , , , 8, 2, 1
2019/4/14, , , , 3, 1, 
2019/6/25, , , , 12, , 2
2018/12/31, , , , 13, 5, 2
2019/1/19, , , , 12, 1, 1
2019/1/20, , , , 17, 1, 1
2019/3/19, , , , 17, 3, 
2016/1/12, , , , 27, , 
2016/1/13, , , , 20, , 
2016/1/14, , , , 21, , 
2016/1/15, , , , 22, , 
2016/1/16, , , , 16, , 
2016/1/17, , , , 12, , 
2016/1/18, , , , 15, , 
2016/1/19, , , , 10, , 
2016/1/20, , , , 13, , 
2016/1/21, , , , 19, , 
2016/1/22, , , , 16, , 
2016/1/23, , , , 14, , 
2016/1/24, , , , 14, , 
2016/1/25, , , , 22, , 
2016/1/26, , , , 19, , 
2016/1/27, , , , 7, , 
2016/1/28, , , , 3, , 
2016/1/29, , , , 15, , 
2016/1/30, , , , 28, , 
2016/1/31, , , , 28, , 
2016/2/1, , , , 31, , 
2016/2/2, , , , 26, , 
2016/2/3, , , , 24, , 
2016/2/4, , , , 17, , 
2016/2/5, , , , 14, , 
2016/2/6, , , , 8, , 
2016/2/7, , , , 9, , 
2016/2/8, , , , 11, , 
2016/2/9, , , , 9, , 
2016/2/10, , , , 7, , 
2016/2/11, , , , 3, , 
2016/2/12, , , , 4, , 
2016/2/13, , , , 5, , 
2016/2/14, , , , 1, , 
2016/2/15, , , , 9, , 
2016/2/16, , , , 11, , 
2016/2/17, , , , 10, , 
2016/2/18, , , , 17, , 
2016/2/19, , , , 10, , 
2016/2/20, , , , 12, , 
2016/2/21, , , , 18, , 
2016/2/22, , , , 12, , 
2016/2/23, , , , 14, , 
2016/2/24, , , , 25, , 
2016/2/25, , , , 22, , 
2016/2/26, , , , 17, , 
2016/2/27, , , , 15, , 
2016/2/28, , , , 19, , 
2016/2/29, , , , 20, , 
2016/3/1, , , , 15, , 
2016/3/2, , , , 10, , 
2016/3/3, , , , 17, , 
2016/3/4, , , , 11, , 
2016/3/5, , , , 4, , 
2016/3/6, , , , 12, , 
2016/3/7, , , , 12, , 
2016/3/8, , , , 11, , 
2016/3/9, , , , 18, , 
2016/3/10, , , , 20, , 
2016/3/11, , , , 31, , 
2016/3/12, , , , 14, , 
2016/3/13, , , , 8, , 
2016/3/14, , , , 11, , 
2016/3/15, , , , 19, , 
2016/3/16, , , , 17, , 
2016/3/17, , , , 16, , 
2016/3/18, , , , 13, , 
2016/3/19, , , , 15, , 
2015/12/20, , , , 6, , 
2015/12/21, , , , 7, , 
2015/12/22, , , , 10, , 
2023/12/14, , , , , , 
2023/12/15, , , , , , 
2020/7/23, , , , , 1, 4
2020/7/24, , , , , 1, 8
2020/7/25, , , , , 1, 3
2019/4/13, , , , , 1, 